date,HDFCBANK-KOTAKBANK,HDFCBANK-INDUSINDBK,ICICIBANK-KOTAKBANK,AXISBANK-KOTAKBANK,SBIN-KOTAKBANK,KOTAKBANK-INDUSINDBK,BANKBARODA-PNB,FEDERALBNK-BANDHANBNK,BANDHANBNK-AUBANK,BAJAJFINSV-CHOLAFIN,ONGC-COALINDIA,ONGC-GAIL,BALKRISIND-EXIDEIND,SUNPHARMA-LUPIN,CIPLA-AUROPHARMA,TORNTPHARM-GRANULES,ALKEM-GRANULES,GLENMARK-GRANULES,ULTRACEMCO-SHREECEM,TATASTEEL-SAIL,ITC-MARICO,HAVELLS-CROMPTON,ABB-CUMMINSIND,PIDILITIND-DEEPAKNTR,PIDILITIND-SRF,DEEPAKNTR-SRF
2025-01-01,0.0,0.0,0.0,0.0,0.0,0.0,0.0,0.0,0.0,0.0,0.0,0.0,0.0,0.0,0.0,0.0,0.0,0.0,0.0,0.0,0.0,0.0,0.0,0.0,0.0,0.0
2025-01-02,0.0,0.0,0.0,0.0,0.0,0.0,0.0,0.0,0.0,0.0,0.0,0.0,0.0,0.0,0.0,0.0,0.0,0.0,0.0,0.0,0.0,0.0,0.0,0.0,0.0,0.0
2025-01-03,0.0,0.0,0.0,0.0,0.0,0.0,0.0,0.0,0.0,0.0,0.0,0.0,0.0,0.0,0.0,0.0,0.0,0.0,0.0,0.0,0.0,0.0,0.0,0.0,0.0,0.0
2025-01-06,0.0,0.0,0.0,0.0,0.0,0.0,0.0,0.0,0.0,0.0,0.0,0.0,0.0,0.0,0.0,0.0,0.0,0.0,0.0,0.0,0.0,0.0,0.0,0.0,0.0,0.0
2025-01-07,0.0,0.0,0.0,0.0,0.0,0.0,0.0,0.0,0.0,0.0,0.0,0.0,0.0,0.0,0.0,0.0,0.0,0.0,0.0,0.0,0.0,0.0,0.0,0.0,0.0,0.0
2025-01-08,0.0,0.0,0.0,0.0,0.0,0.0,0.0,0.0,0.0,0.0,0.0,0.0,0.0,0.0,0.0,0.0,0.0,0.0,0.0,0.0,0.0,0.0,0.0,0.0,0.0,0.0
2025-01-09,0.0,0.0,0.0,0.0,0.0,0.0,0.0,0.0,0.0,0.0,0.0,0.0,0.0,0.0,0.0,0.0,0.0,0.0,0.0,0.0,0.0,0.0,0.0,0.0,0.0,0.0
2025-01-10,0.0,0.0,0.0,0.0,0.0,0.0,0.0,0.0,0.0,0.0,0.0,0.0,0.0,0.0,0.0,0.0,0.0,0.0,0.0,0.0,0.0,0.0,0.0,0.0,0.0,0.0
2025-01-13,0.0,0.0,0.0,0.0,0.0,0.0,0.0,0.0,0.0,0.0,0.0,0.0,0.0,0.0,0.0,0.0,0.0,0.0,0.0,0.0,0.0,0.0,0.0,0.0,0.0,0.0
2025-01-14,0.0,0.0,0.0,0.0,0.0,0.0,0.0,0.0,0.0,0.0,0.0,0.0,0.0,0.0,0.0,0.0,0.0,0.0,0.0,0.0,0.0,0.0,0.0,0.0,0.0,0.0
2025-01-15,0.0,0.0,0.0,0.0,0.0,0.0,0.0,0.0,0.0,0.0,0.0,0.0,0.0,0.0,0.0,0.0,0.0,0.0,0.0,0.0,0.0,0.0,0.0,0.0,0.0,0.0
2025-01-16,0.0,0.0,0.0,0.0,0.0,0.0,0.0,0.0,0.0,0.0,0.0,0.0,0.0,0.0,0.0,0.0,0.0,0.0,0.0,0.0,0.0,0.0,0.0,0.0,0.0,0.0
2025-01-17,0.0,0.0,0.0,0.0,0.0,0.0,0.0,0.0,0.0,0.0,0.0,0.0,0.0,0.0,0.0,0.0,0.0,0.0,0.0,0.0,0.0,0.0,0.0,0.0,0.0,0.0
2025-01-20,0.0,0.0,0.0,0.0,0.0,0.0,0.0,0.0,0.0,0.0,0.0,0.0,0.0,0.0,0.0,0.0,0.0,0.0,0.0,0.0,0.0,0.0,0.0,0.0,0.0,0.0
2025-01-21,0.0,0.0,0.0,0.0,0.0,0.0,0.0,0.0,0.0,0.0,0.0,0.0,0.0,0.0,0.0,0.0,0.0,0.0,0.0,0.0,0.0,0.0,0.0,0.0,0.0,0.0
2025-01-22,0.0,0.0,0.0,0.0,0.0,0.0,0.0,0.0,0.0,0.0,0.0,0.0,0.0,0.0,0.0,0.0,0.0,0.0,0.0,0.0,0.0,0.0,0.0,0.0,0.0,0.0
2025-01-23,0.0,0.0,0.0,0.0,0.0,0.0,0.0,0.0,0.0,0.0,0.0,0.0,0.0,0.0,0.0,0.0,0.0,0.0,0.0,0.0,0.0,0.0,0.0,0.0,0.0,0.0
2025-01-24,0.0,0.0,0.0,0.0,0.0,0.0,0.0,0.0,0.0,0.0,0.0,0.0,0.0,0.0,0.0,0.0,0.0,0.0,0.0,0.0,0.0,0.0,0.0,0.0,0.0,0.0
2025-01-27,0.0,0.0,0.0,0.0,0.0,0.0,0.0,0.0,0.0,0.0,0.0,0.0,0.0,0.0,0.0,0.0,0.0,0.0,0.0,0.0,0.0,0.0,0.0,0.0,0.0,0.0
2025-01-28,0.0,0.0,0.0,0.0,0.0,0.0,0.0,0.0,0.0,0.0,0.0,0.0,0.0,0.0,0.0,0.0,0.0,0.0,0.0,0.0,0.0,0.0,0.0,0.0,0.0,0.0
2025-01-29,0.0,0.0,0.0,0.0,0.0,0.0,0.0,0.0,0.0,0.0,0.0,0.0,0.0,0.0,0.0,0.0,0.0,0.0,0.0,0.0,0.0,0.0,0.0,0.0,0.0,0.0
2025-01-30,0.0,0.0,0.0,0.0,0.0,0.0,0.0,0.0,0.0,0.0,0.0,0.0,0.0,0.0,0.0,0.0,0.0,0.0,0.0,0.0,0.0,0.0,0.0,0.0,0.0,0.0
2025-01-31,0.0,0.0,0.0,0.0,0.0,0.0,0.0,0.0,0.0,0.0,0.0,0.0,0.0,0.0,0.0,0.0,0.0,0.0,0.0,0.0,0.0,0.0,0.0,0.0,0.0,0.0
2025-02-01,0.0,0.0,0.0,0.0,0.0,0.0,0.0,0.0,0.0,0.0,0.0,0.0,0.0,0.0,0.0,0.0,0.0,0.0,0.0,0.0,0.0,0.0,0.0,0.0,0.0,0.0
2025-02-03,0.0,0.0,0.0,0.0,0.0,0.0,0.0,0.0,0.0,0.0,0.0,0.0,0.0,0.0,0.0,0.0,0.0,0.0,0.0,0.0,0.0,0.0,0.0,0.0,0.0,0.0
2025-02-04,0.0,0.0,0.0,0.0,0.0,0.0,0.0,0.0,0.0,0.0,0.0,0.0,0.0,0.0,0.0,0.0,0.0,0.0,0.0,0.0,0.0,0.0,0.0,0.0,0.0,0.0
2025-02-05,0.0,0.0,0.0,0.0,0.0,0.0,0.0,0.0,0.0,0.0,0.0,0.0,0.0,0.0,0.0,0.0,0.0,0.0,0.0,0.0,0.0,0.0,0.0,0.0,0.0,0.0
2025-02-06,0.0,0.0,0.0,0.0,0.0,0.0,0.0,0.0,0.0,0.0,0.0,0.0,0.0,0.0,0.0,0.0,0.0,0.0,0.0,0.0,0.0,0.0,0.0,0.0,0.0,0.0
2025-02-07,0.0,0.0,0.0,0.0,0.0,0.0,0.0,0.0,0.0,0.0,0.0,0.0,0.0,0.0,0.0,0.0,0.0,0.0,0.0,0.0,0.0,0.0,0.0,0.0,0.0,0.0
2025-02-10,0.0,0.0,0.0,0.0,0.0,0.0,0.0,0.0,0.0,0.0,0.0,0.0,0.0,0.0,0.0,0.0,0.0,0.0,0.0,0.0,0.0,0.0,0.0,0.0,0.0,0.0
2025-02-11,0.0,0.0,0.0,0.0,0.0,0.0,0.0,0.0,0.0,0.0,0.0,0.0,0.0,0.0,0.0,0.0,0.0,0.0,0.0,0.0,0.0,0.0,0.0,0.0,0.0,0.0
2025-02-12,0.0,0.0,0.0,0.0,0.0,0.0,0.0,0.0,0.0,0.0,0.0,0.0,0.0,0.0,0.0,0.0,0.0,0.0,0.0,0.0,0.0,0.0,0.0,0.0,0.0,0.0
2025-02-13,0.0,0.0,0.0,0.0,0.0,0.0,0.0,0.0,0.0,0.0,0.0,0.0,0.0,0.0,0.0,0.0,0.0,0.0,0.0,0.0,0.0,0.0,0.0,0.0,0.0,0.0
2025-02-14,0.0,0.0,0.0,0.0,0.0,0.0,0.0,0.0,0.0,0.0,0.0,0.0,0.0,0.0,0.0,0.0,0.0,0.0,0.0,0.0,0.0,0.0,0.0,0.0,0.0,0.0
2025-02-17,0.0,0.0,0.0,0.0,0.0,0.0,0.0,0.0,0.0,0.0,0.0,0.0,0.0,0.0,0.0,0.0,0.0,0.0,0.0,0.0,0.0,0.0,0.0,0.0,0.0,0.0
2025-02-18,0.0,0.0,0.0,0.0,0.0,0.0,0.0,0.0,0.0,0.0,0.0,0.0,0.0,0.0,0.0,0.0,0.0,0.0,0.0,0.0,0.0,0.0,0.0,0.0,0.0,0.0
2025-02-19,0.0,0.0,0.0,0.0,0.0,0.0,0.0,0.0,0.0,0.0,0.0,0.0,0.0,0.0,0.0,0.0,0.0,0.0,0.0,0.0,0.0,0.0,0.0,0.0,0.0,0.0
2025-02-20,0.0,0.0,0.0,0.0,0.0,0.0,0.0,0.0,0.0,0.0,0.0,0.0,0.0,0.0,0.0,0.0,0.0,0.0,0.0,0.0,0.0,0.0,0.0,0.0,0.0,0.0
2025-02-21,0.0,0.0,0.0,0.0,0.0,0.0,0.0,0.0,0.0,0.0,0.0,0.0,0.0,0.0,0.0,0.0,0.0,0.0,0.0,0.0,0.0,0.0,0.0,0.0,0.0,0.0
2025-02-24,0.0,0.0,0.0,0.0,0.0,0.0,0.0,0.0,0.0,0.0,0.0,0.0,0.0,0.0,0.0,0.0,0.0,0.0,0.0,0.0,0.0,0.0,0.0,0.0,0.0,0.0
2025-02-25,0.0,0.0,0.0,0.0,0.0,0.0,0.0,0.0,0.0,0.0,0.0,0.0,0.0,0.0,0.0,0.0,0.0,0.0,0.0,0.0,0.0,0.0,0.0,0.0,0.0,0.0
2025-02-27,0.0,0.0,0.0,0.0,0.0,0.0,0.0,0.0,0.0,0.0,0.0,0.0,0.0,0.0,0.0,0.0,0.0,0.0,0.0,0.0,0.0,0.0,0.0,0.0,0.0,0.0
2025-02-28,0.0,0.0,0.0,0.0,0.0,0.0,0.0,0.0,0.0,0.0,0.0,0.0,0.0,0.0,0.0,0.0,0.0,0.0,0.0,0.0,0.0,0.0,0.0,0.0,0.0,0.0
2025-03-03,0.0,0.0,0.0,0.0,0.0,0.0,0.0,0.0,0.0,0.0,0.0,0.0,0.0,0.0,0.0,0.0,0.0,0.0,0.0,0.0,0.0,0.0,0.0,0.0,0.0,0.0
2025-03-04,0.0,0.0,0.0,0.0,0.0,0.0,0.0,0.0,0.0,0.0,0.0,0.0,0.0,0.0,0.0,0.0,0.0,0.0,0.0,0.0,0.0,0.0,0.0,0.0,0.0,0.0
2025-03-05,0.0,0.0,0.0,0.0,0.0,0.0,0.0,0.0,0.0,0.0,0.0,0.0,0.0,0.0,0.0,0.0,0.0,0.0,0.0,0.0,0.0,0.0,0.0,0.0,0.0,0.0
2025-03-06,0.0,0.0,0.0,0.0,0.0,0.0,0.0,0.0,0.0,0.0,0.0,0.0,0.0,0.0,0.0,0.0,0.0,0.0,0.0,0.0,0.0,0.0,0.0,0.0,0.0,0.0
2025-03-07,0.0,0.0,0.0,0.0,0.0,0.0,0.0,0.0,0.0,0.0,0.0,0.0,0.0,0.0,0.0,0.0,0.0,0.0,0.0,0.0,0.0,0.0,0.0,0.0,0.0,0.0
2025-03-10,0.0,0.0,0.0,0.0,0.0,0.0,0.0,0.0,0.0,0.0,0.0,0.0,0.0,0.0,0.0,0.0,0.0,0.0,0.0,0.0,0.0,0.0,0.0,0.0,0.0,0.0
2025-03-11,0.0,0.0,0.0,0.0,0.0,0.0,0.0,0.0,0.0,0.0,0.0,0.0,0.0,0.0,0.0,0.0,0.0,0.0,0.0,0.0,0.0,0.0,0.0,0.0,0.0,0.0
2025-03-12,0.0,0.0,0.0,0.0,0.0,0.0,0.0,0.0,0.0,0.0,0.0,0.0,0.0,0.0,0.0,0.0,0.0,0.0,0.0,0.0,0.0,0.0,0.0,0.0,0.0,0.0
2025-03-13,0.0,0.0,0.0,0.0,0.0,0.0,0.0,0.0,0.0,0.0,0.0,0.0,0.0,0.0,0.0,0.0,0.0,0.0,0.0,0.0,0.0,0.0,0.0,0.0,0.0,0.0
2025-03-17,0.0,0.0,0.0,0.0,0.0,0.0,0.0,0.0,0.0,0.0,0.0,0.0,0.0,0.0,0.0,0.0,0.0,0.0,0.0,0.0,0.0,0.0,0.0,0.0,0.0,0.0
2025-03-18,0.0,0.0,0.0,0.0,0.0,0.0,0.0,0.0,0.0,0.0,0.0,0.0,0.0,0.0,0.0,0.0,0.0,0.0,0.0,0.0,0.0,0.0,0.0,0.0,0.0,0.0
2025-03-19,0.0,0.0,0.0,0.0,0.0,0.0,0.0,0.0,0.0,0.0,0.0,0.0,0.0,0.0,0.0,0.0,0.0,0.0,0.0,0.0,0.0,0.0,0.0,0.0,0.0,0.0
2025-03-20,0.0,0.0,0.0,0.0,0.0,0.0,0.0,0.0,0.0,0.0,0.0,0.0,0.0,0.0,0.0,0.0,0.0,0.0,0.0,0.0,0.0,0.0,0.0,0.0,0.0,0.0
2025-03-21,0.0,0.0,0.0,0.0,0.0,0.0,0.0,0.0,0.0,0.0,0.0,0.0,0.0,0.0,0.0,0.0,0.0,0.0,0.0,0.0,0.0,0.0,0.0,0.0,0.0,0.0
2025-03-24,0.0,0.0,0.0,0.0,0.0,0.0,0.0,0.0,0.0,0.0,0.0,0.0,0.0,0.0,0.0,0.0,0.0,0.0,0.0,0.0,0.0,0.0,0.0,0.0,0.0,0.0
2025-03-25,0.0,0.0,0.0,0.0,0.0,0.0,0.0,0.0,0.0,0.0,0.0,0.0,0.0,0.0,0.0,0.0,0.0,0.0,0.0,0.0,0.0,0.0,0.0,0.0,0.0,0.0
2025-03-26,-0.05,0.0,-0.05,-0.05,-0.05,-0.05,0.0,0.0,0.0,0.0,0.0,0.0,0.0,0.0,0.0,0.0,-0.05,0.0,0.0,0.0,0.0,0.0,0.0,0.0,0.0,0.0
2025-03-27,32.13221355516907,0.0,146.06250557612657,59.264037840061064,22.392833672896813,6.464634386938997,0.0,0.0,0.0,-0.05,0.0,-0.05,0.0,0.0,0.0,0.0,80.95058808339218,0.0,0.0,0.0,0.0,0.0,0.0,0.0,0.0,0.0
2025-03-28,-79.44089058819782,0.0,-1007.495768972105,-450.32430166284394,-221.1679616188776,-41.63322248733812,-0.05,0.0,0.0,-7.0256332201390705,0.0,5.676913287973264,0.0,0.0,0.0,0.0,-41.9833716781186,-0.05,-0.05,0.0,0.0,0.0,0.0,0.0,0.0,0.0
2025-04-01,-9.409885835142632,0.0,549.3718691325703,247.44431145582348,114.43301880503168,22.33382601658377,0.8736825829359844,0.0,-0.05,27.869040091975194,0.0,-3.5732479383362943,-0.05,0.0,0.0,0.0,56.259294299929024,22.462587514593224,511.2822804888965,0.0,0.0,0.0,0.0,0.0,0.0,0.0
2025-04-02,19.25859437956524,0.0,-74.61616084862908,-29.008259592217655,-16.076296888761135,-2.1084078779808806,-1.6552096408109662,0.0,-0.8429515033152768,16.41705982156282,0.0,4.875649085978438,32.46709733489615,0.0,0.0,0.0,-58.504745163863845,-1.9212121580476378,-366.20679805396503,0.0,-0.05,0.0,0.0,0.0,0.0,0.0
2025-04-03,33.30610755257976,0.0,453.94991519299947,199.42282958261785,93.31090481825049,18.674749774470456,-3.5906787935548863,0.0,2.1298391432588346,-5.545778532404256,0.0,-6.5838808754817535,-103.48138706658278,0.0,0.0,0.0,57.79858730869637,4.086013467484463,-486.71677127109433,0.0,-2.5420847768617705,0.0,0.0,0.0,0.0,0.0
2025-04-04,27.38607449119536,0.0,81.44014549516578,40.01542021661953,30.650334884356198,3.0200894535769294,0.7940321360365914,0.0,1.0419754181234284,14.457707361159919,0.0,-9.838720485320152,-71.76083946878207,0.0,0.0,-0.05,-195.89336909579742,-79.89486986242878,186.5363388873957,0.0,-10.145051001316688,0.0,0.0,0.0,0.0,0.0
2025-04-07,130.07732255466453,0.0,2112.394081904007,966.5947396047413,477.3186619216722,85.68661091485296,2.7177147189725446,0.0,4.640554710066368,14.946762302014918,0.0,3.289384047835597,0.0,0.0,0.0,-53.101503572157526,-107.50764508410658,-15.513635258573913,523.6004438226264,0.0,6.008673860166596,0.0,0.0,-0.05,0.0,0.0
2025-04-08,-12.146688707590329,0.0,-252.13984646523022,-135.57160624400058,-73.5403799559299,-9.813427328447005,-3.5404492953445157,0.0,-3.647575684950823,-0.34287600558877784,0.0,2.71485659481948,-0.05000000000001137,0.0,0.0,8.383524139411293,-50.65772607754798,21.57610689742205,-494.00764072448146,0.0,-1.2644577564257702,0.0,0.0,-88.73268038891888,0.0,0.0
2025-04-09,-6.366268209531427,0.0,-16.98678925256536,7.384987562923925,23.723173403086548,-0.8700129669771286,3.904131878280481,0.0,5.811645156519984,-23.61983188499346,0.0,1.3389156815918284,-64.85803186557314,0.0,0.0,69.9597784152702,-114.9100379143988,28.073194201401293,255.68864694016156,0.0,-4.960805187045594,0.0,0.0,-35.601974242585584,0.0,0.0
2025-04-11,-74.48312067405823,0.0,-1330.988159397144,-598.8920441859045,-301.49108025872556,-54.43646959336661,-1.4496407458231602,0.0,0.0,-22.49940390205984,0.0,3.1391345520287643,61.02022626795292,0.0,0.0,98.70150357215743,118.00764508410657,63.11363525857382,483.19600673240717,0.0,-4.2971060676484285,0.0,0.0,89.81093747114232,0.0,0.0
2025-04-15,39.670452009452674,0.0,-193.82449789937527,-113.01761815225836,-46.80485267069707,-5.75908789382629,-1.4774251933170603,0.0,0.0,27.17338301025029,0.0,-4.858247102188329,132.65525906946687,0.0,0.0,-27.39441307645211,77.3349399005001,48.81188739784784,-1087.5451968166744,0.0,-3.5882796863872954,0.0,0.0,-12.717959366009381,0.0,0.0
2025-04-16,11.828400661226624,-0.05,-0.3628046060548513,-44.657851812684385,-4.852788601321663,1.4017723444376315,-3.9076149767286665,0.0,0.0,17.50523971229495,0.0,0.45940604970479626,-8.168871334354662,0.0,0.0,-4.264004221688538,-33.8658037139694,11.197669113842267,363.18920464720577,0.0,-0.6630127744718948,-0.05,0.0,-21.71367892381454,0.0,0.0
2025-04-17,-100.86946998706117,-31.71689260842186,-1541.8870480844344,-696.4439587127999,-351.69035572677603,-61.83661091485283,-0.02335334248169829,0.0,0.0,-53.96663767480322,0.0,-0.27400645953321145,22.633838532840173,-0.05,0.0,-20.745164862531055,43.906117358445954,29.93006976856053,-18.050557707036205,0.0,4.705478854070009,-34.61756456702892,0.0,-10.26826716391406,0.0,0.0
2025-04-21,-97.27838723051991,-28.626504995921547,-1325.1819601648094,-622.3516861546814,-313.074878358946,-54.01884415178529,-3.773054115750001,-0.05,0.0,-32.29125265024277,0.0,-4.739131207436657,-11.32435399765609,47.9475135686821,0.0,88.53037194194529,55.14580242280954,23.913169324455964,-22.74224539109855,0.0,8.277699312539426,9.916188455713609,0.0,60.054935606464824,0.0,0.0
2025-04-22,-13.116446947168697,-17.9155369578898,-515.5408729709525,-226.2925212997252,-118.802009306135,-22.116945425735594,-1.1443613764908491,0.7181668741662861,0.0,-23.266097795850328,0.0,2.2752520042509445,14.3952577324078,22.902998598216755,0.0,-9.537858086160668,-39.19584291953015,0.0,401.79931618861156,0.0,1.9392710735015726,52.40745156914727,0.0,-9.910266897531756,0.0,0.0
2025-04-23,40.73234425071951,31.109189603598224,840.4642595576224,388.81205397888334,194.10613744488182,35.313709971420394,-0.2219560405731471,0.14350820768822814,0.0,-17.909374204300093,0.0,3.5779602918272815,46.58138706658269,-10.085681142658132,0.0,-41.48184119940788,-144.732628063648,0.0,648.3343646778521,0.0,-4.6825720506754465,11.133272804069065,0.0,-37.66664028769287,0.0,0.0
2025-04-24,-18.56920859596039,1.2947382852880764,-71.68354012144118,-38.847926435159025,-18.36374818281365,-3.352425768696321,-1.3928343186158543,-2.302825540644335,0.0,-10.4778309295275,0.0,-3.34521636199284,-5.906257866113947,-9.041892838673675,0.0,-97.19115273865373,-78.94086123114994,0.0,-442.76829775300575,0.0,0.0999999999999659,13.709126311343425,0.0,-1.3913599786894792,0.0,0.0
2025-04-25,51.401648930850115,-6.809167778891151,525.6524591528068,273.3189658616793,137.39364350216601,22.314813951724773,1.4048106718353495,8.954857806500002,-0.05000000000000071,45.38965103879491,0.0,6.515756012752803,-1.1590654693227407,-29.175814216494928,0.0,3.2794777008389246,48.71843306877963,0.0,282.5725800153232,0.0,-2.632495790128246,-42.89479418561882,0.0,-2.4405619499207205,0.0,0.0
2025-04-28,-33.45311912406487,-21.393208037100067,-601.1508345872426,-285.11042286071824,-149.26210429511593,-23.49971735702684,-2.195688949878061,-3.8910682667043943,-3.717607480811637,-27.329941663325144,0.0,0.2643152717634507,24.259484535184313,-12.149851166341705,0.0,-48.854513314595806,19.7944302282267,0.0,77.87437924078404,0.0,-3.25547885407002,-8.61157990309357,0.0,-12.118212186112032,0.0,0.0
2025-04-29,16.24723835120767,18.914983225746255,422.2573328495055,193.14459486456326,100.38826112332208,17.477278621353435,0.683942094868911,-7.260695347427259,0.5152064135021703,-29.41723377274343,0.0,-4.710054299535216,0.0,19.42190071858454,0.0,-7.297277765739636,-49.98180345573837,0.0,154.4975169631507,0.0,-0.044521145929991235,10.76810330724652,0.0,36.2407202237614,0.0,0.0
2025-04-30,21.86093708029057,-16.335760073640813,41.0107738990846,22.87217306147795,35.05086459250742,1.5818741073599085,-0.07088797911890765,10.914968414244868,2.266076685553429,119.76967967771061,0.0,-0.7383217312966224,0.0,-10.551330765672901,0.0,-26.292693223630067,-74.1019602779752,0.0,450.2843646778449,0.0,1.1671991676827815,14.761041162876154,0.0,-55.54757509501019,0.0,0.0
2025-05-02,68.2524733962764,-4.759867428864254,801.7286887292285,360.9784487925208,164.59046525325175,33.67645728402158,0.523223586515229,10.206725688184747,-4.850251970263173,0.0,0.0,-2.3392414788031033,0.0,-18.417720188353314,0.0,88.05551569603449,43.0106664945115,0.0,0.0,0.0,8.53203822684469,-38.9646630289576,0.0,72.03192192860979,0.0,0.0
2025-05-05,191.70218514376091,-14.18455034093813,2024.864710307945,918.2514924496056,463.26919162982557,83.85284973315557,-1.7929640745823008,-5.597029095759865,2.1421723447860472,0.0,0.0,-5.5495842609954025,0.0,4.593573804402467,0.0,16.259920870297265,45.23850889757705,0.0,0.0,0.0,-7.213771411500375,48.31167069698995,0.0,6.053387867164247,0.0,0.0
2025-05-06,0.0,13.796582193842823,0.0,0.0,0.0,0.0,22.022425648564006,13.408110042847635,-5.15481683423755,0.0,0.0,2.9913524714920925,0.0,-2.5075293285037787,0.0,-88.1629649274314,-90.5572530285117,0.0,0.0,0.0,0.703500048285548,-32.155835348494975,0.0,-38.27341602202182,0.0,0.0
2025-05-07,0.0,-10.49662584325688,0.0,0.0,0.0,0.0,0.0,0.0,-1.8507834325898216,0.0,0.0,-1.6234108369419573,0.0,47.44866923432687,0.0,28.512213141353186,48.378430486458456,0.0,0.0,0.0,-11.676178070038361,29.511969327870474,0.0,49.24389483928303,0.0,0.0
2025-05-08,0.0,26.028479852718192,0.0,0.0,0.0,0.0,0.0,0.0,-3.764958717299578,0.0,0.0,-0.08498385116695317,0.0,-15.924120117581197,0.0,14.135673955438506,5.833648699357127,0.0,0.0,0.0,7.574123003706518,4.552213482413663,0.0,-49.39309681051395,0.0,0.0
2025-05-09,0.0,26.371986580596968,0.0,0.0,0.0,0.0,0.0,0.0,0.4407516367289759,0.0,0.0,5.150487023520839,0.0,30.499045700752234,0.0,59.85025059535974,11.226274180684868,0.0,0.0,0.0,-7.803728829927252,-25.264572235061223,0.0,7.408560884390454,0.0,0.0
2025-05-12,0.0,-57.94401681060799,0.0,0.0,0.0,0.0,0.0,0.0,2.420999332931558,0.0,0.0,1.617276399738671,0.0,0.0,0.0,10.183845962283613,74.54282150912422,0.0,0.0,0.0,3.4394998551433673,21.30254438564657,0.0,-52.2952776451782,0.0,0.0
2025-05-13,0.0,44.19802514320372,0.0,0.0,0.0,0.0,0.0,0.0,0.20846920474178887,0.0,0.0,2.412290876275705,0.0,0.0,0.0,112.05286468928733,45.96674335623811,0.0,0.0,0.0,-1.4275507598889021,-33.14248990930878,0.0,-43.4517609909433,0.0,0.0
2025-05-14,0.0,5.865726525133596,0.0,0.0,0.0,0.0,0.0,0.0,6.342758850713238,0.0,0.0,1.254405213556737,0.0,0.0,0.0,0.0,106.69937141988703,0.0,0.0,0.0,3.293911061551853,1.474386602062168,0.0,14.336534327828076,0.0,0.0
2025-05-15,0.0,-17.092275170469293,0.0,0.0,0.0,0.0,0.0,0.0,2.930279492063505,0.0,0.0,1.9245664398663223,0.0,0.0,0.0,0.0,-37.50439360498876,0.0,0.0,0.0,3.725038130273674,-20.158976995902776,0.0,65.99232294086369,0.0,0.0
2025-05-16,0.0,-4.333318783528739,0.0,0.0,0.0,0.0,0.0,0.0,2.1966864392203433,0.0,0.0,0.0,0.0,0.0,0.0,0.0,97.63101934454808,0.0,0.0,0.0,2.178919481295452,140.30455003107585,0.0,76.63149542532437,0.0,0.0
2025-05-19,0.0,0.8357382489339216,0.0,0.0,0.0,0.0,0.0,0.0,-0.07390006670684102,0.0,0.0,0.0,0.0,0.0,0.0,0.0,0.0,0.0,0.0,0.0,4.536072098960972,0.0,0.0,12.811333155745341,0.0,0.0
2025-05-20,0.0,16.76956711519142,0.0,0.0,0.0,0.0,0.0,0.0,-4.406824048221836,0.0,0.0,0.0,0.0,0.0,-0.05,0.0,0.0,0.0,0.0,0.0,6.976178070038384,0.0,0.0,0.0,0.0,0.0
2025-05-21,0.0,3.4845066915245297,0.0,0.0,0.0,0.0,0.0,0.0,-0.06665891742008512,0.0,0.0,0.0,0.0,0.0,14.038409518584103,0.0,0.0,0.0,0.0,0.0,0.0,0.0,0.0,0.0,0.0,0.0
2025-05-22,0.0,-6.184506691524348,0.0,0.0,0.0,0.0,0.0,0.0,-1.0889688712075838,0.0,0.0,0.0,0.0,0.0,-1.6987341048111375,0.0,0.0,0.0,0.0,0.0,0.0,0.0,0.0,0.0,0.0,0.0
2025-05-23,0.0,-13.302397640698018,0.0,0.0,0.0,0.0,0.0,0.0,-1.9705865059272014,0.0,0.0,0.0,0.0,0.0,13.672004326629235,0.0,0.0,0.0,0.0,0.0,0.0,0.0,-0.05,0.0,0.0,0.0
2025-05-26,0.0,-10.025105695975526,0.0,0.0,0.0,0.0,0.0,0.0,0.15323099537874896,0.0,0.0,0.0,0.0,0.0,9.042867193177475,0.0,0.0,0.0,0.0,0.0,0.0,0.0,-2.7026969325170285,0.0,0.0,0.0
2025-05-27,0.0,4.659466469669951,0.0,0.0,0.0,0.0,0.0,0.0,2.6596929861362355,0.0,0.0,0.0,0.0,0.0,-5.7279956733706285,0.0,0.0,-0.05000000000001137,0.0,0.0,0.0,0.0,67.4546884891206,0.0,0.0,0.0
2025-05-28,0.0,8.52943454405613,0.0,0.0,0.0,0.0,0.0,0.0,-1.7995553771348227,0.0,0.0,0.0,0.0,0.0,19.431401146869987,0.0,0.0,21.985780500425562,0.0,0.0,0.0,0.0,-28.591166975144915,0.0,0.0,0.0
2025-05-29,0.0,-17.21396306028737,0.0,0.0,0.0,0.0,0.0,0.0,4.329889912798876,0.0,0.0,0.0,0.0,0.0,0.0,0.0,0.0,-23.40559364055116,0.0,0.0,0.0,0.0,380.1755661848212,0.0,0.0,0.0
2025-05-30,0.0,-10.964750009088675,0.0,0.0,0.0,0.0,0.0,0.0,-0.29860681374324827,0.0,0.0,0.0,0.0,0.0,0.0,0.0,0.0,80.23869441201509,0.0,0.0,0.0,0.0,0.0,0.0,0.0,0.0
2025-06-02,0.0,10.835738248933922,0.0,0.0,0.0,0.0,0.0,0.0,-4.893432196101912,0.0,0.0,0.0,0.0,0.0,0.0,0.0,0.0,44.00885761051313,0.0,0.0,0.0,0.0,0.0,0.0,0.0,0.0
2025-06-03,0.0,12.674850654610509,0.0,0.0,0.0,0.0,0.0,0.0,-4.285238209363001,0.0,0.0,0.0,0.0,0.0,0.0,0.0,0.0,28.734498573817746,0.0,0.0,0.0,0.0,0.0,0.0,0.0,0.0
2025-06-04,0.0,-16.217847299759796,0.0,0.0,0.0,0.0,0.0,0.0,0.3256553104279192,0.0,0.0,0.0,0.0,0.0,0.0,0.0,-0.04999999999999716,0.49114238948664024,0.0,0.0,0.0,0.0,0.0,0.0,0.0,0.0
2025-06-05,0.0,-8.45074329938734,0.0,0.0,0.0,0.0,0.0,0.0,-0.9572411492867445,0.0,0.0,0.0,0.0,0.0,0.0,0.0,-90.76321485588142,29.64067645536892,0.0,0.0,0.0,0.0,0.0,0.0,0.0,0.0
2025-06-06,0.0,-37.173385880543265,0.0,0.0,0.0,0.0,0.0,0.0,-1.9454669318864717,0.0,0.0,0.0,0.0,0.0,0.0,0.0,46.30650941404201,0.0,0.0,0.0,0.0,0.0,0.0,0.0,-0.05,0.0
2025-06-09,0.0,0.08987752977100172,0.0,0.0,0.0,0.0,0.0,-0.05000000000000071,5.717960990154836,0.0,0.0,0.0,0.0,0.0,0.0,0.0,-40.627450347469676,0.0,0.0,0.0,0.0,0.0,0.0,0.0,-37.71040645220637,0.0
2025-06-10,0.0,13.917890949173852,0.0,0.0,0.0,0.0,0.0,6.553065776708991,-2.9272961928872974,0.0,0.0,0.0,0.0,0.0,0.0,0.0,29.91780448866575,0.0,0.0,0.0,0.0,0.0,0.0,0.0,257.81984079103495,0.0
2025-06-11,0.0,14.1212432812099,0.0,0.0,0.0,0.0,0.0,1.2110271706616764,-1.3258797588908635,0.0,0.0,0.0,0.0,0.0,0.0,0.0,-17.137961310903847,0.0,0.0,0.0,0.0,0.0,0.0,0.0,-16.248773261642782,0.0
2025-06-12,0.0,10.38162079280346,0.0,0.0,0.0,0.0,0.0,7.789592324871876,-5.531393186256793,0.0,0.0,0.0,0.0,0.0,0.0,0.0,49.33513592829786,0.0,0.0,0.0,0.0,0.0,0.0,0.0,-95.74230164950495,0.0
2025-06-13,0.0,30.791765087739805,0.0,0.0,0.0,0.0,0.0,3.861494962407562,0.06587975889087261,0.0,-0.05,0.0,0.0,0.0,0.0,0.0,155.43592003948743,0.0,0.0,0.0,0.0,0.0,0.0,0.0,12.729737993260642,0.0
2025-06-16,0.0,-22.67680368670017,0.0,0.0,0.0,0.0,0.0,-4.357566399207826,-0.20329031303987222,0.0,-4.0030290618888955,0.0,0.0,0.0,-0.04999999999999716,0.0,-27.8867446473987,0.0,0.0,0.0,0.0,0.0,0.0,0.0,-22.053680215074564,0.0
2025-06-17,0.0,16.699489917270512,0.0,0.0,0.0,0.0,0.0,4.84161191034417,-1.2087444227447293,0.0,3.21164666598051,0.0,0.0,0.0,1.4344333150445436,0.0,102.58195898681515,0.0,0.0,0.0,0.0,0.0,0.0,0.0,87.9910749111441,0.0
2025-06-18,0.0,-16.902820424599668,0.0,0.0,0.0,0.0,0.0,-8.07092924330027,0.2789370753467608,0.0,1.433146979027299,0.0,0.0,0.0,1.6537625094448458,0.0,7.3806272889523825,0.0,0.0,0.0,0.0,0.0,0.0,0.0,56.92787706187664,0.0
2025-06-19,0.0,0.721709714525332,0.0,0.0,0.0,0.0,0.0,6.551763614131573,-2.883955110307454,0.0,-4.008971355506787,-0.050000000000000044,0.0,0.0,-3.528298626451715,0.0,114.25627288952384,0.0,0.0,0.0,0.0,0.0,0.0,0.0,422.11087405449797,0.0
2025-06-20,0.0,-30.521709714525514,0.0,0.0,0.0,0.0,0.0,-5.7485177179756874,1.9493309286719125,0.0,2.397029896680266,2.348591556676638,0.0,0.0,-1.9748931529527454,0.0,0.0,0.0,0.0,0.0,0.0,0.0,0.0,0.0,0.0,0.0
2025-06-23,0.0,14.256026838806065,0.0,0.0,0.0,0.0,0.0,-1.1430941923683804,0.025430861965077156,0.0,1.1152063549922104,2.7198727436525023,0.0,0.0,0.04063835588101483,0.0,0.0,0.0,-0.049999999999954525,0.0,0.0,0.0,0.0,0.0,0.0,0.0
2025-06-24,0.0,-10.230454709515016,0.0,0.0,0.0,0.0,0.0,-1.2676706667609778,-0.9096104207353619,0.0,7.935029479284606,8.492779572092541,0.0,0.0,-1.290246143813647,0.0,0.0,0.0,-103.86786615030724,0.0,0.0,0.0,0.0,0.0,0.0,0.0
2025-06-25,0.0,-11.984062082915898,0.0,0.0,0.0,0.0,0.0,-2.254010755285208,-0.5205865059272412,0.0,0.0,0.0,0.0,0.0,0.978869356492396,0.0,0.0,0.0,606.9885208358173,0.0,0.0,0.0,0.0,0.0,0.0,0.0
2025-06-26,0.0,-37.12173153923233,0.0,0.0,0.0,0.0,0.0,-2.7994342808926262,-0.6997523037973963,0.0,0.0,0.0,0.0,0.0,6.1107167982944475,0.0,0.0,0.0,1121.8324393480318,0.0,-0.04999999999999982,0.0,0.0,0.0,0.0,0.0
2025-06-27,0.0,-20.201377475239497,0.0,0.0,0.0,0.0,0.0,-1.62557522939494,3.292703807112673,0.0,0.0,0.0,0.0,0.0,1.9092723851323399,0.0,0.0,0.0,0.0,0.0,-0.022830542847316337,0.0,0.0,0.0,0.0,0.0
2025-06-30,0.0,10.214028534408499,0.0,0.0,0.0,0.0,0.0,-7.722149213792193,1.620944289331021,0.0,0.0,0.0,0.0,0.0,9.955991346741826,0.0,0.0,0.0,0.0,0.0,1.8475636309319725,0.0,0.0,0.0,-0.049999999999954525,0.0
2025-07-01,0.0,-14.04346307846481,0.0,0.0,0.0,0.0,0.0,-4.493087852176586,-6.034683499296705,0.0,0.0,0.0,0.0,0.0,-12.653281038391015,0.0,0.0,-0.05000000000001137,0.0,0.0,2.884169553723723,0.0,0.0,0.0,263.2664568486289,0.0
2025-07-02,0.0,34.99560567779827,0.0,0.0,0.0,0.0,0.0,1.9030941923683145,3.874293920032045,0.0,0.0,0.0,0.0,0.0,35.07878009750591,0.0,0.0,-1.3508159924906522,0.0,0.0,2.9745043064428387,0.0,0.0,0.0,-383.0338858106261,0.0
2025-07-03,0.0,-6.733807041551245,0.0,0.0,0.0,0.0,0.0,5.604857806500036,-2.5054859055656493,0.0,0.0,0.0,0.0,0.0,0.0,0.0,0.0,-14.114918400750867,0.0,0.0,-5.434093293176431,0.0,0.0,0.0,226.0947134785347,0.0
2025-07-04,0.0,0.5086795208690091,0.0,0.0,0.0,0.0,0.0,4.0177939548891,-5.338776218605515,0.0,0.0,0.0,0.0,0.0,0.0,0.0,0.0,-55.955244797747355,0.0,0.0,-8.50692383602393,0.0,0.0,0.0,-32.192639569850144,0.0
2025-07-07,0.0,4.573429529957139,0.0,0.0,0.0,0.0,0.0,3.080082192085456,0.7694177681333372,0.0,0.0,0.0,0.0,0.0,0.0,0.0,0.0,-25.070396165556986,0.0,0.0,2.5155254040873274,0.0,-0.05000000000001137,0.0,-19.980372186277236,0.0
2025-07-08,0.0,-9.2125637603408,0.0,0.0,0.0,0.0,0.0,3.3098135403614606,-4.316965931283846,0.0,0.0,0.0,0.0,0.0,0.0,0.0,0.0,0.2799538928159109,0.0,0.0,1.9479449336681682,0.0,-87.41827609440224,0.0,-314.45478201038713,0.0
2025-07-09,0.0,-4.3835956496004655,0.0,0.0,0.0,0.0,0.0,-1.3868362959295268,-0.19986239099856107,0.0,0.0,0.0,0.0,0.0,0.0,0.0,0.0,2.94032639699617,0.0,0.0,1.1365296622445271,0.0,-7.5639256732793,0.0,26.122377563111513,0.0
2025-07-10,0.0,1.2386677970680466,0.0,0.0,0.0,0.0,0.0,1.8746934223290737,-0.019248363271003655,0.0,0.0,0.0,0.0,0.0,0.0,0.0,0.0,-122.91142146373,0.0,0.0,-0.8155254040872251,0.0,-32.96244121867403,0.0,199.90452738539898,0.0
2025-07-11,0.0,16.637203023001348,0.0,0.0,0.0,0.0,0.0,7.693824295646678,-1.4565445561584056,0.0,0.0,0.0,0.0,0.0,0.0,0.0,0.0,-283.514568342378,0.0,0.0,0.4961186489782108,0.0,-197.89420197566233,0.0,493.86726237127357,0.0
2025-07-14,0.0,-1.5917650877399865,0.0,0.0,0.0,0.0,0.0,0.0,4.436493786618371,0.0,0.0,0.0,0.0,0.0,0.0,0.0,0.0,-0.05000000000001137,0.0,0.0,0.22130930034632001,0.0,-49.657113444944116,0.0,-4.9217850177738,0.0
2025-07-15,0.0,-19.825572129290777,0.0,0.0,0.0,0.0,0.0,0.0,2.915847963029961,0.0,0.0,0.0,0.0,0.0,0.0,0.0,0.0,4.785547533366753,0.0,0.0,-2.6551738118810704,0.0,-167.17802038055834,0.0,-359.1627349858718,0.0
2025-07-16,0.0,14.399023483955261,0.0,0.0,0.0,0.0,0.0,0.0,8.253235269439312,0.0,0.0,0.0,0.0,0.0,0.0,0.0,0.0,54.48834435364233,0.0,0.0,6.745661085694678,0.0,-35.237962940630496,0.0,117.93798724141016,0.0
2025-07-17,0.0,13.240067097015071,0.0,0.0,0.0,0.0,0.0,0.0,0.0,0.0,0.0,0.0,0.0,0.0,0.0,0.0,0.0,-21.517016319849517,0.0,0.0,-2.203652569380097,0.0,64.69237945305758,0.0,-1.4049069534303271,0.0
2025-07-18,0.0,28.564516792430553,0.0,0.0,0.0,0.0,0.0,0.0,0.0,0.0,0.0,0.0,0.0,0.0,0.0,0.0,0.0,-17.358041618022753,0.0,0.0,6.499161133980249,0.0,65.26776899240303,0.0,98.78921397976592,0.0
2025-07-21,0.0,0.0,0.0,0.0,0.0,0.0,0.0,0.0,0.0,0.0,0.0,0.0,0.0,0.0,0.0,0.0,0.0,15.310256628435354,0.0,0.0,0.0,0.0,7.295612727487423,0.0,400.03849649138647,0.0
2025-07-22,0.0,0.0,0.0,0.0,0.0,0.0,0.0,0.0,0.0,0.0,0.0,0.0,0.0,0.0,0.0,0.0,0.0,-13.422842927459897,-0.0500000000001819,0.0,0.0,0.0,-35.098919704698346,0.0,-141.9011850906718,0.0
2025-07-23,0.0,0.0,0.0,0.0,0.0,0.0,0.0,0.0,0.0,-0.05000000000000071,0.0,0.0,0.0,0.0,0.0,0.0,0.0,6.66363647414255,315.84336080517824,0.0,0.0,0.0,-76.30647416033571,0.0,-383.28972322975096,0.0
2025-07-24,0.0,0.0,0.0,0.0,0.0,0.0,0.0,0.0,0.0,24.573478998546538,0.0,0.0,0.0,0.0,0.0,0.0,0.0,-4.695804161802016,366.19571773768257,0.0,0.0,0.0,82.50485752312125,0.0,362.8237756310955,0.0
2025-07-25,0.0,0.0,0.0,0.0,0.0,0.0,0.0,0.0,0.0,21.030146371109097,0.0,0.0,0.0,0.0,-0.04999999999999716,-0.05000000000001137,0.0,-27.541258265232273,1214.4360377989678,0.0,0.0,0.0,35.07882869916648,0.0,652.1794881071721,0.0
2025-07-28,0.0,0.0,-0.049999999999954525,-0.05000000000001137,-0.05000000000001137,-0.04999999999999716,0.0,0.0,0.0,0.0,0.0,0.0,0.0,0.0,-31.771522855575427,-33.49931944143509,0.0,-3.6086246434538225,0.0,0.0,0.0,0.0,-105.70384331912373,0.0,0.0,0.0
2025-07-29,0.0,0.0,107.57032937400072,40.11293887224383,26.84057477972783,4.218022814453207,0.0,0.0,0.0,0.0,0.0,0.0,0.0,0.0,19.903013261431852,-13.622099696955956,0.0,55.09160710803553,0.0,0.0,0.0,0.0,8.647942352090467,0.0,0.0,0.0
2025-07-30,-0.05000000000001137,0.0,-259.41423725313507,-107.35590261864127,-57.534802753287295,-10.29530143580655,0.0,0.0,0.0,0.0,0.0,0.0,0.0,0.0,9.053762509444823,47.53785808616112,0.0,18.668298246458335,0.0,0.0,0.0,0.0,-120.95010294269468,0.0,0.0,0.0
2025-07-31,36.23896683553858,0.0,365.98456662714307,157.1688414908786,76.32537753301585,15.296046286539195,0.0,0.0,0.0,0.0,0.0,0.0,0.0,0.0,-6.31294563559095,-126.87671855375993,0.0,-25.112353331965778,0.0,0.0,0.0,0.0,-50.92144327752794,0.0,0.0,0.0
2025-08-01,39.5436522369896,0.0,559.5384361226024,254.5297067982865,125.92970049555879,23.96385129290661,0.0,-0.04999999999999716,0.0,0.0,0.0,0.0,0.0,0.0,8.893010535028566,-21.197599588612775,0.0,-38.118880056320904,0.0,0.0,0.0,0.0,-86.36554231049467,0.0,0.0,0.0
2025-08-04,39.39108275654098,0.0,168.70508791961765,87.89227255811784,44.36547736782995,6.865031759811018,0.0,6.340433035894989,0.0,0.0,0.0,0.0,0.0,0.0,-8.855206922606612,56.01629649274355,0.0,10.570396165557213,0.0,0.0,0.0,0.0,-303.21530718519085,0.0,0.0,0.0
2025-08-05,23.784006612277153,0.0,53.37195393957518,32.821481873201265,20.272113986779004,2.709653179772431,0.0,-3.576457036460738,0.0,0.0,0.0,0.0,0.0,0.0,9.10945090310554,2.7680875730784464,0.0,4.950583025431342,0.0,0.0,0.0,0.0,-85.3236699594363,0.0,0.0,0.0
2025-08-06,-14.735476805492453,0.0,-111.67032937400654,-49.512938872245286,-22.54057477972856,-4.31296512068775,0.0,-0.15401075528529873,0.0,0.0,0.0,0.0,0.0,0.0,4.13840951858424,1.4244631955243676,0.0,-11.033099555894978,0.0,0.0,0.0,0.0,-80.28496479150363,0.0,0.0,0.0
2025-08-07,-23.502940386428236,0.0,-79.39675086888019,-26.6829139980764,-14.386921585897653,-3.3457254002662467,0.0,3.7782490662517603,0.0,0.0,0.0,0.0,0.0,-0.04999999999999716,1.286394375381974,-4.219878653414526,0.0,2.5692301146937098,0.0,0.0,0.0,0.0,-75.27033374231178,0.0,0.0,0.0
2025-08-08,-54.44888728205933,0.0,-963.809792002321,-449.1635607262433,-215.73190462549064,-38.93209191544611,0.0,-4.655195969926126,0.0,0.0,0.0,0.0,0.0,-0.48416214377243705,-12.75677577087663,-40.2847058886955,0.0,7.194639326507513,0.0,0.0,0.0,0.0,-327.17599958403935,0.0,0.0,0.0
2025-08-11,-2.894119227140891,0.0,153.99350173775747,81.36582799616372,54.37384317179567,6.31609749681661,0.0,1.3716055701524397,0.0,0.0,0.0,0.0,0.0,5.488692874059552,-11.850089258986486,-23.366726455948537,0.0,-24.967832312340306,0.0,0.0,0.0,0.0,60.21416079858318,0.0,0.0,0.0
2025-08-12,14.920129145556984,0.0,-47.33557082839252,-22.033605186363275,-12.265672191626436,-1.8525288468831604,0.0,0.1372155553984271,0.0,0.0,0.0,0.0,0.0,14.71132025912516,-15.77808493235716,66.12714851696592,-0.05000000000001137,45.30978947874905,0.0,0.0,0.0,0.0,73.36696067379671,0.0,0.0,0.0
2025-08-13,40.97205289821704,0.0,579.1756315165476,258.47185498560066,129.07691189423713,24.153453262401626,0.0,-0.3757269331824773,0.0,0.0,0.0,0.0,0.0,-5.04149010587912,-22.741298344907705,30.057378003883514,-173.12768687198786,38.89207425772224,0.0,0.0,0.0,0.0,-72.13243689298633,0.0,0.0,0.0
2025-08-14,-13.259741708883666,0.0,-88.27114165678358,-43.16721037271782,-17.631344383255055,-3.675250225529453,0.0,-2.0254993775011485,0.0,0.0,0.0,0.0,0.0,5.649045700752367,3.2574357599033874,-9.098638882870091,15.609098272131632,-12.317249286908691,0.0,0.0,0.0,0.0,5.44551739626786,0.0,0.0,0.0
2025-08-18,20.741907221966812,0.0,450.5813174960276,212.6517554889615,99.91229911891423,18.00919097201313,0.0,4.882300917579698,0.0,0.0,0.0,0.0,0.0,-1.0562248292005734,-1.8374465764763954,-17.258237930294854,17.471136961225966,74.31305344871089,0.0,0.0,0.0,-0.04999999999999716,-13.6298721430785,0.0,0.0,0.0
2025-08-19,66.83832110774847,0.0,595.5624207691217,271.83686742268037,133.45373849115094,24.75078309403193,0.0,10.625015850479258,0.0,0.0,0.0,0.0,0.0,-2.884149010587862,16.53040302864042,-6.042442628270692,-55.77568609729224,28.995571194743206,0.0,0.0,0.0,7.533363597965263,112.36581428719,0.0,0.0,0.0
2025-08-20,-19.05082446542565,0.0,-274.57622957640706,-123.95948293084075,-60.04682175108428,-10.965314402784088,0.0,0.31927623691331064,0.0,0.0,0.0,0.0,0.0,13.823380317915962,-28.687963223652105,4.442442628270783,41.77568609729224,25.354428805256656,0.0,0.0,-0.04999999999999982,-1.1042191278429527,-65.05158739730086,0.0,0.0,0.0
2025-08-21,-7.042003306138213,0.0,-20.585976969785406,-20.410740936600632,-10.986056993389866,-1.2140691009924467,0.0,1.4793931848499255,0.0,0.0,0.0,0.0,0.0,-6.066402555865125,-47.84527454844704,1.3692693223629249,-50.84980397220261,0.0,0.0,0.0,5.360805187045628,-22.367415251588454,-161.70324088590587,0.0,0.0,0.0
2025-08-22,-44.880874057504116,0.0,-820.065884123178,-371.32059697984005,-187.83767665193045,-33.48297808766483,0.0,-5.551267406726367,0.0,0.0,0.0,0.0,0.0,-3.156224829200255,7.567189616089877,-41.680300714430814,-20.77152901682166,0.0,0.0,0.0,-2.0620253558017225,-26.742489909308688,-93.92832159716727,0.0,0.0,0.0
2025-08-25,2.032536419061671,0.0,27.973578505130718,15.230024874159426,7.703653193830178,1.1825158799053952,0.0,-3.5842035551154368,0.0,0.0,0.0,0.0,0.0,18.91282612482587,5.7900676258406065,26.350250595359284,41.22627418068441,0.0,0.0,0.0,4.964991580256537,30.50951573612042,118.5857070188058,0.0,0.0,0.0
2025-08-26,966.513698729083,0.0,-394.2465589504136,-189.07242180308094,-93.18739653081138,-15.386469593366428,0.0,-9.388220650592416,0.0,0.0,0.0,0.0,0.0,-36.909827526609206,8.336662152341546,118.78742812295513,67.41756796414938,0.0,0.0,0.0,7.14383480100463,19.12070621443695,25.83857298532348,0.0,0.0,0.0
2025-08-28,26.22297344781464,0.0,-457.35652056671825,-193.69032336408054,-101.64749151979413,-17.962644234414483,0.0,-3.761267406726347,0.0,0.0,0.0,0.0,0.0,9.651680965728701,-23.66526373187446,39.050931153924466,65.53082331674977,0.0,0.0,0.0,3.2686441496364864,14.984200969063522,-76.31335247997595,0.0,0.0,0.0
2025-08-29,-46.5868509145339,0.0,566.8640453346816,250.34541042364071,124.98527769820066,23.16513483799781,0.0,1.648283822102826,0.0,0.0,0.0,0.0,0.0,2.4132157244357586,-3.0972896916493937,0.0,0.0,0.0,-0.0500000000001819,0.0,-0.43158066356119207,28.39234059386831,19.991975293753057,0.0,0.0,0.0
2025-09-01,-5.413602644911862,0.0,39.34878157582716,23.76859274927847,11.838845594711529,0.9295248252631154,0.0,1.1709924148105983,0.0,0.0,0.0,0.0,0.0,-28.405283663137425,0.26592372090101435,0.0,0.0,0.0,539.9004316026912,0.0,-6.966894125493752,-25.843476595847278,41.356437308945715,0.0,0.0,0.0
2025-09-02,34.23391052810621,-0.04999999999999716,-497.66729446580575,-221.4624964255636,-107.89835611230228,-19.886752236339362,0.0,0.7803445036178118,0.0,0.0,0.0,0.0,0.0,7.141879705488918,12.83088449969432,0.0,0.0,0.0,122.08808923312608,0.0,-5.614686538067417,-18.385278449498173,140.26689458249075,0.0,0.0,0.0
2025-09-03,-19.442827771565135,12.750932866631047,308.5622065461939,134.87022386744502,74.93287874447196,12.25114222360503,0.0,3.309930488297937,0.0,0.0,0.0,0.0,0.0,-19.784875677068612,-2.887054364408641,0.0,0.0,0.0,47.654156157972466,-0.05,8.27450430644285,11.439646892781411,-97.51976054900751,0.0,0.0,0.0
2025-09-04,28.26562248174332,1.4478574006664076,-237.26464339454105,-114.43303836888299,-58.95518755504963,-9.872117849400865,0.0,-6.5135556439227,0.0,-0.04999999999999716,-0.04999999999999982,0.0,0.0,5.507542461688217,2.0710413845213225,0.0,0.0,0.0,90.65415615797247,-0.5234932627891737,3.2905635343608424,-32.07546408249709,-123.9523957159081,0.0,0.0,0.0
2025-09-05,30.04696352939891,3.6813875761461077,-335.89858965736494,-141.45810055427864,-74.53932053962671,-13.84020549874117,0.0,1.3526738368568658,0.0,3.114613916595772,-2.125970729413268,0.0,0.0,10.627547714962702,32.09151203900217,0.0,0.0,0.0,-77.44044616563042,0.3738234622410914,-4.523516887772587,-5.564572235061405,-36.637154622021626,0.0,0.0,0.0
2025-09-08,-19.652294658639676,4.306536921535098,307.97460501084424,137.85093992988186,69.56528254403383,12.858973163926976,0.0,1.547063851610801,0.0,15.535094400030175,0.7475300010292472,0.0,0.0,-10.01207319197556,8.136002163314743,0.0,0.0,0.0,645.3724539109708,1.684125875456644,0.6306695054382203,-6.10667271959278,-34.78118756368531,0.0,0.0,0.0
2025-09-09,-19.441082756541164,-6.756748313486014,173.6050879196191,76.2922725581193,37.81547736783068,7.456765203316763,0.0,-0.5305373034479999,0.0,-11.935007424440073,-1.1699999999999875,0.0,0.0,-0.5369725087768984,-4.924322422912496,0.0,0.0,0.0,0.0,-1.5265884782277226,0.7347796381017133,-20.43827078146637,-99.56190487676031,0.0,0.0,0.0
2025-09-10,-34.67150325460034,2.890322138379588,403.45814513228106,198.29886636503943,99.92903072684567,16.432194993632493,0.0,7.704665006669757,0.0,-5.411062791338736,-1.7174710424600619,0.0,0.0,-8.669803886876707,-3.589764672759543,0.0,0.0,0.0,0.0,0.20403024132154712,0.348326236404489,-7.991951169091408,27.602292773213776,0.0,0.0,0.0
2025-09-11,4.9798708544412875,-0.21158724429642461,-49.13557082839543,-6.1336051863581815,-6.1156721916268,-1.8271372998665356,0.0,0.5981668741662816,0.0,-15.281295079194024,1.1208233329902555,0.0,0.0,5.913968657286205,42.19714634979819,0.0,0.0,0.0,0.0,1.2875373972289168,3.5171991676828043,-11.320018158779249,-60.52056886761602,0.0,0.0,0.0
2025-09-12,-3.0677384027458174,-1.2789681107408342,69.08516468700691,41.456469436117914,10.045287389863006,2.482156750332706,0.0,-3.725919733012688,0.0,-32.28196542153296,-1.3996178127894439,0.0,0.0,-25.2045044639176,0.0,0.0,0.0,0.0,0.0,0.24482795371497446,-0.844216103740905,-8.562118643310896,58.05819374024577,0.0,0.0,0.0
2025-09-15,6.352940386429964,-1.0292231521054873,-75.19675086887582,-34.082913998081494,-14.436921585896926,-3.159152728713252,0.0,-1.998710517806046,0.0,4.729941663325462,-1.1127647918167725,0.0,0.0,-12.728677114237826,0.0,0.0,0.0,0.0,0.0,0.9290232947624733,2.528461918011839,-35.052992331967744,85.32339798274188,0.0,0.0,0.0
2025-09-16,-99.62517202228355,1.4362265069562454,1156.1764661038064,530.2322778463233,263.289016189353,47.69369700444254,0.0,1.6674842071224134,0.0,34.08395842313644,2.3713234373391856,0.0,0.0,6.4158509894120925,0.0,0.0,0.0,0.0,0.0,-2.390330199451924,0.0,-4.089108152563995,-106.38530285950219,0.0,0.0,0.0
2025-09-17,-56.35605951049456,-1.3236627466151276,0.0,0.0,0.0,0.0,0.0,3.7954235256073616,0.0,23.36836974963694,-0.2910591672670648,0.0,0.0,21.64829276790215,0.0,0.0,0.0,0.0,0.0,0.4195324870584898,0.0,24.846319612374373,-20.894201975661417,0.0,0.0,0.0
2025-09-18,-1.944943692567449,6.9637734930438455,0.0,0.0,0.0,0.0,0.0,3.5940929473707257,0.0,-4.718791896396397,2.3153242721305958,0.0,0.0,12.567558221509898,0.0,0.0,0.0,0.0,0.0,-0.21486963306946905,0.0,7.115799030936614,87.74133600914502,0.0,0.0,0.0
2025-09-19,22.72949994846158,-6.513540276386038,0.0,0.0,0.0,0.0,0.0,0.0,0.0,9.495778532404529,-0.17326489616567642,0.0,0.0,9.733207844525168,0.0,0.0,0.0,0.0,0.0,2.2033420561813983,0.0,-11.126690878372528,65.59609058957176,0.0,0.0,0.0
2025-09-22,34.563506560738915,-6.746115760527573,0.0,0.0,0.0,0.0,0.0,0.0,0.0,9.821033093579175,0.24270583324755535,0.0,0.0,6.820731919754735,0.0,0.0,0.0,0.0,0.0,0.06661626446407354,0.0,-13.568103307246247,90.35995017154619,0.0,0.0,0.0
2025-09-23,-73.35513896089697,3.463963060287597,0.0,0.0,0.0,0.0,0.0,0.0,0.0,0.0,0.07641187519297432,0.0,0.0,-5.277735948175177,0.0,0.0,0.0,0.0,0.0,-0.2100416793545179,0.0,1.363494754626572,-52.30114638660689,0.0,0.0,0.0
2025-09-24,38.39898336623037,-14.969290249120377,0.0,0.0,0.0,0.0,-0.04999999999999982,0.0,0.0,0.0,2.8150884378538032,0.0,0.0,-0.3030248645861775,0.0,0.0,0.0,0.0,0.0,-0.07949080770397643,0.0,-7.704608552619675,-58.51112579806704,0.0,0.0,0.0
2025-09-25,35.799903915828054,-0.1874362396588367,0.0,0.0,0.0,0.0,2.328632711814037,0.0,0.0,0.0,1.3959707294132784,0.0,0.0,23.012624758428686,0.0,0.0,0.0,0.0,0.0,0.31160931790499546,0.0,3.985966505156057,-28.622251596135357,0.0,0.0,0.0
2025-09-26,44.21938733359775,-17.985927816177536,0.0,0.0,0.0,0.0,-0.10209549761586345,0.0,0.0,0.0,0.3902358342767904,0.0,0.0,0.0,0.0,0.0,0.0,0.0,0.0,0.10498077801487682,0.0,2.0441646515048433,78.38186369968207,0.0,0.0,0.0
2025-09-29,22.88161586946535,17.345838894455937,0.0,0.0,0.0,0.0,-3.4248804003567273,0.0,0.0,0.0,0.0,0.0,0.0,0.0,0.0,0.0,0.0,0.0,0.0,-0.9081021619976468,0.0,3.6017655360924437,-101.25806155763712,0.0,0.0,0.0
2025-09-30,-2.0094668870769965,-1.9285016774254018,0.0,0.0,0.0,0.0,0.2208579653963909,0.0,0.0,0.0,0.0,0.0,0.0,0.0,0.0,0.0,0.0,0.0,0.0,1.7154327801460711,0.0,-11.829144470122628,141.0986553394796,0.0,0.0,0.0
2025-10-01,-169.84446327170735,21.405771797441275,0.0,0.0,0.0,0.0,-3.201237532219494,0.0,0.0,0.0,0.0,-0.05000000000000071,0.0,0.0,0.0,0.0,0.0,0.0,0.0,0.0,0.0,23.766337771153985,132.62114206091815,0.0,0.0,0.0
2025-10-03,-80.58795020176876,0.5806661014657948,0.0,0.0,0.0,0.0,-2.0383334850823474,0.0,0.0,0.0,0.0,2.4900712845162634,0.0,0.0,0.0,0.0,0.0,0.0,0.0,0.0,0.0,10.5389588371238,0.0,0.0,0.0,0.0
2025-10-06,-68.77168199223706,6.249533566684477,0.0,0.0,0.0,0.0,-1.0388922237469274,0.0,0.0,0.0,0.0,-2.6352163619928035,0.0,0.0,0.0,0.0,0.0,0.0,0.0,0.0,0.0,-33.00529660827783,0.0,0.0,0.0,0.0
2025-10-07,34.7833608844885,11.316892608421995,0.0,0.0,0.0,0.0,3.653712596658522,0.0,0.0,0.0,0.0,3.6635550782704627,0.0,0.0,0.0,0.0,0.0,0.0,0.0,0.0,0.0,-8.990185632998873,0.0,0.0,0.0,0.0
2025-10-08,23.665897303551446,-8.295394285847351,0.0,0.0,0.0,0.0,-1.0419260268505752,0.0,-0.05000000000000071,0.0,0.0,0.9553979178755299,0.0,0.0,0.0,0.0,0.0,0.0,0.0,0.0,0.0,-16.32001815877902,0.0,0.0,0.0,0.0
2025-10-09,-47.69484760839532,0.8543288480809679,0.0,0.0,0.0,0.0,-1.369800515512253,0.0,4.910976085191862,0.0,0.0,-0.6329967702333761,0.0,0.0,0.0,0.0,0.0,0.0,0.0,0.0,0.0,14.288420096906293,0.0,0.0,0.0,0.0
2025-10-10,-10.08988738513608,14.5748506546106,0.0,0.0,0.0,0.0,0.9332332875914915,0.0,3.9654308619650465,0.0,0.0,-1.5487544552822783,0.0,0.0,0.0,0.0,0.0,0.0,0.0,0.0,0.0,-1.9775282494704243,0.0,0.0,0.0,0.0
2025-10-13,-18.655880772857927,-6.975593953997759,0.0,0.0,0.0,0.0,-0.6117265423628169,0.0,-1.3078276552139982,0.0,0.0,3.8467503893676387,0.0,0.0,0.0,0.0,0.0,0.0,0.0,0.0,0.0,19.877528249470288,0.0,0.0,0.0,0.0
2025-10-14,7.973344353795255,-7.529922802078772,0.0,0.0,0.0,0.0,0.8926648478506252,0.0,-7.44771756801282,0.0,0.0,-0.05000000000000071,0.0,0.0,0.0,0.0,0.0,0.0,0.0,0.0,0.0,12.17330912162788,0.0,0.0,0.0,0.0
2025-10-15,14.85174501502388,1.381897658875232,0.0,0.0,0.0,0.0,-2.1710380477317415,0.0,-7.498697927265198,0.0,0.0,-0.2800186572770258,0.0,0.0,0.0,0.0,0.0,0.0,0.0,-0.04999999999999982,0.0,2.886355929932961,0.0,0.0,-0.049999999999954525,0.0
2025-10-16,-90.03197334473907,9.89976678334233,-0.0500000000001819,-0.049999999999954525,-0.049999999999954525,-0.04999999999999716,1.0444611187348016,0.0,0.30161763471963354,0.0,0.0,1.7732665956133644,0.0,0.0,0.0,0.0,0.0,0.0,0.0,0.5199722137636655,0.0,-5.204907183500609,0.0,0.0,-573.1114249521524,0.0
2025-10-17,-1.304410579643445,14.9547952813964,-136.69512630331883,-55.67437099712333,-25.805382378848662,-4.426854656894193,-1.308542670646375,0.0,-1.3420897793851339,0.0,0.0,-1.2149092220586226,0.0,0.0,0.0,0.0,0.0,0.0,0.0,0.5195741664130225,0.0,-26.334051653622964,0.0,0.0,138.68185354962043,0.0
2025-10-20,-1.1298708544431975,3.841298654424463,-1.635570828402706,-47.733605186360364,-29.415672191626072,-1.8403850635272647,-0.3199205704023882,-0.04999999999999716,-12.481547891500487,0.0,0.0,0.1152163619928217,0.0,0.0,0.0,0.0,0.0,0.0,-0.0500000000001819,-0.0032464220463310767,0.0,14.767025826811278,0.0,0.0,-60.10059254533917,0.0
2025-10-21,21.222423804199025,-1.5652164424043349,276.3390341824561,110.4173347435244,58.699610352405216,10.790064177254408,0.2864471730304672,2.6453476737136157,-0.05000000000000071,-0.04999999999999716,0.0,-0.24014424132855083,0.0,0.0,-0.04999999999999716,0.0,0.0,0.0,-5.610111541405786,-0.8024070302983972,0.0,-0.07438660206230452,0.0,0.0,278.2738172787758,0.0
2025-10-23,-56.30752970370895,3.5632852350213398,-675.94596089056,-327.58479385784085,-154.56748667396278,-28.60220796061003,3.0697404880670547,-5.04497475443651,3.000165130801747,5.026564489248813,0.0,-1.2057949996030572,0.0,0.0,21.640638355880924,0.0,0.0,0.0,244.74224539109127,-1.6411279118453166,0.0,-3.9543684432831014,0.0,0.0,416.755967101064,0.0
2025-10-24,49.77793367107506,-15.25844630421102,721.7691332543109,338.03768298176146,166.9007550660317,30.318305457426504,-0.16107776253051043,-0.16037925946875475,2.0362142945548953,35.549708316625825,0.0,-1.4772204279074401,0.0,0.0,58.73840951858416,0.0,0.0,0.0,-46.44695925610722,0.06434654765530468,0.0,19.482824857748255,0.0,0.0,-2.2315989246344543,0.0
2025-10-27,92.7488872820586,15.839578838992338,954.1097920023094,418.9635607262426,187.03190462548991,39.96320952036102,-5.422954373506059,-7.779165629168688,0.7654583837653774,-2.389694526590347,0.0,0.10767180917019914,0.0,0.0,2.6723965386967734,0.0,0.0,0.0,-358.31482540641446,-1.5995324870585108,0.0,-5.187732041248637,-0.049999999999954525,0.0,390.0458569215334,0.0
2025-10-28,-16.685751627300306,10.337625806902679,-187.0290725661398,-81.59943318252408,-44.73951536342429,-7.720410339850332,-0.7420160680182732,-4.712563229111993,-2.34894562346787,25.57905388201101,0.0,0.9281774899680499,0.0,0.0,0.0,0.0,0.0,0.0,-16.352356932504335,-3.8708393917479214,0.0,-4.745631556716944,-64.45441651242618,0.0,-181.46281828123392,0.0
2025-10-29,4.01865895234323,16.05456206473873,-98.63394626283844,-48.52506218539929,-33.78413298457781,-3.2140691009922193,2.75244505071646,1.2829424885808294,-2.584207080570593,0.0,-0.05000000000000071,2.5505209934829622,0.0,0.0,0.0,0.0,0.0,0.0,595.4664985275376,3.6831753387633483,0.0,-20.3733091216277,29.439241509844578,0.0,-15.778511254899058,0.0
2025-10-30,22.007900609689386,0.0,380.50936355646263,172.53027361576096,85.44018513213632,15.248754698208359,0.4271956951067182,3.5837484437529383,-1.7401100872011739,0.0,4.158471251157863,-1.722165292224247,0.0,0.0,0.0,0.0,0.0,0.0,-252.83684771470143,-1.9915398523141334,0.0,-15.556523404152813,-95.73250298429048,0.0,282.0692065980147,0.0
2025-11-03,54.18740055815124,0.0,750.5815317189554,335.41839904419976,148.3831588655903,30.435969142307385,-15.031587085320126,9.053195405028873,-8.87088924573041,0.0,-1.5649705207154057,-0.260758521196891,0.0,0.0,-0.05000000000001137,0.0,0.0,0.0,-847.1271677759869,2.509490807703955,0.0,2.423847861845161,59.57309676613295,0.0,18.1760577781788,0.0
2025-11-04,26.98630127091701,0.0,393.2465589504136,179.77242180308144,77.08739653081284,15.491347722345381,3.2333533424817062,2.332942488580784,-4.19980734739795,0.0,-1.5597072941325507,1.0770405443207665,0.0,0.0,-6.0,0.0,0.0,0.0,-197.75527157205215,3.0380743757612834,0.0,0.028755045345633334,30.071950379526243,0.0,263.72504401713377,0.0
2025-11-06,28.680695319867482,0.0,327.3618004047994,139.34308811719802,67.26249394270963,12.932336315119471,-0.7579539182591475,5.1622598215369635,-3.938524248342361,0.0,-1.171118125836216,-2.123807918669428,0.0,0.0,11.724143904939297,0.0,0.0,0.0,-359.31482540641446,1.8256534523447385,0.0,15.380669896878544,-51.839447395235766,0.0,243.71370709924213,0.0
2025-11-07,-17.515347659933468,0.0,0.0,0.0,-31.356246971356086,0.0,-1.1611678036981914,-3.0526738368567976,-6.619115028330157,0.0,1.8010591672670557,2.444909222058641,0.0,0.0,12.660627539308052,0.0,0.0,0.0,-109.05055770704348,-1.071843883221817,0.0,-7.743866020624409,-160.05792176355135,0.0,0.0,0.0
2025-11-10,-2.110937080289659,0.0,0.0,0.0,-5.100864592506696,0.0,0.9790219797134512,1.0779045626339894,-3.4641520369700345,0.0,3.1857064593411337,1.3038265759465162,0.0,0.0,-14.815174472887861,0.0,0.0,0.0,-114.22673617328837,2.4717049520400964,0.0,11.747397092809251,-104.42515441404248,0.0,0.0,0.0
2025-11-11,11.19613906397285,0.0,0.0,0.0,10.542498788543526,0.0,2.227784447493889,3.2364917923117673,5.164183832830872,-0.05000000000001137,0.9477942711013441,1.9957576850488685,0.0,0.0,-7.479350827546,0.0,0.0,0.0,-344.4029146395478,0.0,0.0,2.3610411628762904,-147.14160798583907,0.0,0.0,0.0
2025-11-12,0.0,0.0,0.0,0.0,22.81095958149126,0.0,1.2419560405731715,-6.700316087958413,6.863400400241062,62.65650615257391,-1.1715877074113052,0.0,0.0,0.0,-9.622218020723949,0.0,0.0,0.0,19.396401549071015,0.0,0.0,1.4084382556854962,-6.193525839664289,0.0,0.0,0.0
2025-11-13,0.0,0.0,0.0,0.0,44.107111563863555,0.0,0.5679442171829407,4.888821125550805,-2.4167414828209814,16.740160161144786,0.634352499228072,0.0,0.0,0.0,-10.583505549058486,0.0,0.0,0.0,-99.87437924079131,0.0,0.0,-23.3358171897155,63.82710911925642,0.0,0.0,0.0
2025-11-14,0.0,0.0,0.0,0.0,0.0,0.0,-2.5383034713597965,-2.468132118315225,-1.2027038071126412,-1.2478892662022645,5.297412083890833,0.0,0.0,0.0,-9.558220184038419,0.0,0.0,0.0,-210.96898156438692,0.0,0.0,-14.406672719593189,151.68031315377266,0.0,0.0,0.0
2025-11-17,0.0,0.0,0.0,0.0,0.0,0.0,0.1135528269695385,-3.005534133352228,-5.995297527024206,25.42656448924845,0.3346472920740666,0.0,0.0,0.0,-4.33263186593706,0.0,0.0,0.0,-57.96246847391012,0.0,-0.05000000000000071,-15.571244954654276,-38.401352271996075,0.0,0.0,0.0
2025-11-18,0.0,0.0,0.0,0.0,0.0,0.0,-0.6296107321006161,-2.4910271706616527,-2.3231484299778344,-24.928209588491427,-0.43388291765302256,0.0,0.0,0.0,-18.654243980498904,0.0,0.0,0.0,-209.05707079752028,0.0,1.7957373462419355,-0.9901856329991006,283.0326427783748,0.0,0.0,0.0
2025-11-19,0.0,0.0,0.0,0.0,0.0,0.0,-1.8038026378261804,0.060689007235566805,-2.0595553771348136,7.418034578467314,-4.7338829176530055,0.0,0.0,0.0,14.257917230957332,0.0,0.0,0.0,-7.088089233126084,0.0,0.7863008806027665,32.381059321655584,-24.33830100862906,0.0,0.0,0.0
2025-11-20,0.0,0.0,0.0,0.0,0.0,0.0,2.627225708829201,1.955347673713618,-0.9121998665862918,33.23449830209,1.0664118751929834,0.0,0.0,0.0,21.087178799517005,0.0,0.0,0.0,-5.25775460890145,0.0,7.77625433058563,-27.321783694871783,-216.0360819381949,0.0,0.0,0.0
2025-11-21,0.0,0.0,0.0,0.0,0.0,0.0,3.136477186753069,3.337029095759817,-1.1950963263010408,0.0,0.32849968695319376,0.0,0.0,0.0,-17.517760346130217,0.0,0.0,0.0,-70.44044616563042,0.0,3.467199167682793,-1.773698546404603,63.51173584275966,0.0,0.0,0.0
2025-11-24,0.0,0.0,0.0,0.0,0.0,0.0,1.888922237469501,-4.487711762803656,-1.0923692714486037,0.0,-1.2966477094697382,0.0,0.0,-0.04999999999999716,4.4428671931775625,0.0,0.0,0.0,35.69168768405507,0.0,-1.3406397949081565,6.940334948439158,109.55158739729995,0.0,0.0,0.0
2025-11-25,0.0,0.0,0.0,0.0,0.0,0.0,-4.109930271478646,-8.80290139253816,-4.684293920032069,0.0,-0.8692945841481503,0.0,0.0,44.24940903399283,-9.221433596588895,0.0,0.0,0.0,-80.96246847391012,0.0,-2.0386609891235707,11.037193301031266,-69.69035865653495,0.0,0.0,0.0
2025-11-26,0.0,0.0,0.0,0.0,0.0,0.0,0.5918659994055133,-2.299089777274787,-2.1125386763108907,0.0,-0.08626343528072766,0.0,0.0,-19.173231484257485,3.763873401577257,0.0,0.0,0.0,704.9575024002042,0.0,-1.0301356816073621,-11.194703391722442,-69.64875828217555,0.0,0.0,0.0
2025-11-27,0.0,-0.05000000000000071,0.0,0.0,0.0,0.0,-0.8469061694512448,1.6954235256073957,0.33236927144861284,0.0,4.235029479284606,0.0,0.0,-5.810943792699845,-0.41679740402241805,0.0,0.0,0.0,-238.75527157204488,0.0,5.953423787738188,0.33297417318840417,-65.63014411977201,0.0,0.0,0.0
2025-11-28,0.0,-1.2400889217217355,0.0,0.0,0.0,0.0,-2.013582840692038,-1.8753065776709263,-1.4259348024914402,0.0,0.035793853705655465,0.0,0.0,-17.609814393424585,16.28958615478666,0.0,0.0,0.0,-332.18920464720577,0.0,4.31674160439924,-13.724925342279448,-108.651653488605,0.0,0.0,0.0
2025-12-01,0.0,12.197070451865557,0.0,0.0,0.0,0.0,-4.74446111873479,0.021488622215940723,1.1817002001205594,0.0,0.5647062506432796,0.0,0.0,26.40000000000009,-8.777603461303443,0.0,0.0,0.0,-120.69820077453915,0.0,0.0,-6.148085148467317,-117.51173584276148,0.0,0.0,0.0
2025-12-02,0.0,8.021265105916882,0.0,0.0,0.0,0.0,-2.038243443914638,-0.7856858371397379,-0.43428964597148934,0.0,0.0,0.0,0.0,2.0792418138757967,0.917278875076363,0.0,0.0,0.0,259.35887002298114,0.0,0.0,-2.050538740217462,83.82481634604119,0.0,0.0,0.0
2025-12-03,0.0,-8.21498322574621,0.0,0.0,0.0,0.0,3.4853597094237614,3.100199140021914,-4.196017367892267,0.0,0.0,0.0,0.0,-1.2135790576762702,-10.460324586226761,0.0,0.0,0.0,-252.23324926376517,0.0,0.0,-11.30107748043497,-91.50687831963842,0.0,0.0,0.0
2025-12-04,0.0,-2.033296958821893,0.0,0.0,0.0,0.0,-0.46850295584752644,1.1347345183718858,0.30278637251350915,0.0,0.0,0.0,0.0,-5.62566538283636,5.4912090859211276,0.0,0.0,0.0,43.22022308281157,0.0,0.0,-2.9726210659696335,152.50256474990783,0.0,0.0,0.0
2025-12-05,0.0,-7.747325493230164,0.0,0.0,0.0,0.0,-1.9297007732683085,2.532259821536911,-6.640476418726081,0.0,0.0,0.0,0.0,11.556224829200346,8.363034894577709,0.0,0.0,0.0,-339.5790931057927,0.0,0.0,0.9066727195929616,-9.503439159821937,0.0,0.0,0.0
2025-12-08,0.0,13.364662710260745,0.0,0.0,0.0,0.0,1.1366272553658519,8.999254161445833,-4.064509820373786,0.0,0.0,0.0,0.0,-4.783006478127618,-0.5400324497188649,0.0,0.0,0.0,118.0,0.0,0.0,-7.539348261900841,-62.89278361236029,0.0,0.0,0.0
2025-12-09,0.0,1.0570251795577406,0.0,0.0,0.0,0.0,-2.63895225119208,-8.96050888778882,-0.8085010006026323,0.0,0.0,0.0,0.0,11.741139905823275,0.8423857221237085,0.0,0.0,0.0,-112.61662463188259,0.0,0.0,-8.52139427009456,-12.699529749390422,0.0,0.0,0.0
2025-12-10,0.0,13.02315266388564,0.0,0.0,0.0,0.0,2.8185629832927077,-0.19847662193296856,-3.7592801591318334,0.0,0.0,0.0,0.0,-11.64905883393726,-3.139193942719203,0.0,0.0,0.0,-19.440446165637695,0.0,0.0,12.673309121627653,-59.83513382550336,0.0,0.0,0.0
2025-12-11,0.0,-11.31738086644441,0.0,0.0,0.0,0.0,1.0462573896188871,-2.0490486812320796,5.618973145268114,0.0,0.0,0.0,0.0,-4.779254947060281,18.53040302864042,0.0,0.0,0.0,170.05707079752028,0.0,0.0,-2.386654560813895,83.70498970573135,0.0,0.0,0.0
2025-12-12,0.0,-4.798046967910295,0.0,0.0,0.0,0.0,0.859251477923749,-6.706883732163988,7.0284692047418105,0.0,0.0,0.0,0.0,28.756776395653517,-12.563819318712603,0.0,0.0,0.0,-61.86135305983771,0.0,0.0,3.0968583525918802,-95.0573193303353,0.0,0.0,0.0
2025-12-15,0.0,5.808701345575628,0.0,0.0,0.0,0.0,1.7036525692134319,-5.603631495816444,-1.1779695382760167,0.0,0.0,0.0,0.0,0.0,-1.9739302108446282,0.0,0.0,0.0,433.975494654871,0.0,0.0,-13.776152138154885,108.75428432981971,0.0,0.0,0.0
2025-12-16,0.0,1.7888791890190987,0.0,0.0,0.0,0.0,0.11057905131099233,5.306112532842974,-1.3789963930078386,0.0,0.0,0.0,0.0,0.0,-1.7262483071281167,0.0,0.0,0.0,-649.3849223848883,0.0,0.0,3.251226795875027,56.96385958197425,0.0,0.0,0.0
2025-12-17,0.0,14.09876844259038,0.0,0.0,0.0,0.0,-2.460579051310958,-0.23797407433602302,-3.6734004002410643,0.0,0.0,0.0,0.0,0.0,-13.383987020112386,0.0,0.0,0.0,-46.698200774539146,0.0,0.0,-0.12178369487173768,-113.4750514713487,0.0,0.0,0.0
2025-12-18,0.0,0.0,0.0,0.0,0.0,0.0,-1.2524450507164602,1.6351201180323187,-1.219720507936529,0.0,-0.05000000000000071,0.0,0.0,0.0,-8.28398702011259,0.0,0.0,0.0,-131.660669248442,0.0,0.0,29.002154960869575,226.05213135069062,0.0,0.0,0.0
2025-12-19,0.0,0.0,0.0,0.0,0.0,0.0,-2.5765769289970137,-7.121956413961868,3.6521723447859813,0.0,1.2381764583118695,0.0,0.0,0.0,3.4571328068225284,0.0,0.0,0.0,-281.31482540642173,0.0,0.0,-18.748773204124973,20.803909410427877,0.0,0.0,0.0
2025-12-22,0.0,0.0,0.0,0.0,0.0,0.0,0.40547885382017057,-0.552860296495453,-1.0753482965641865,0.0,0.9322057288986514,0.0,0.0,0.0,-0.9583987020113227,0.0,0.0,0.0,52.69820077453187,0.0,0.0,-2.100688055657656,-243.86177269415202,0.0,0.0,0.0
2025-12-23,0.0,0.0,0.0,0.0,0.0,0.0,0.4006487798322951,3.1486630815716694,2.0734554438416524,0.0,-6.693031148867419,0.0,0.0,0.0,-10.596326749541504,0.0,0.0,0.0,119.92493694782752,0.0,0.0,10.595092816499346,75.77579369865089,0.0,0.0,0.0
2025-12-24,0.0,0.0,0.0,0.0,0.0,0.0,1.6635828406920723,7.092756028942233,-1.539051436608446,0.0,-2.646911979541869,0.0,0.0,0.0,-0.7608060572808881,0.0,0.0,0.0,244.05707079752028,0.0,0.0,-7.748085148466998,200.6658511385806,0.0,0.0,0.0
2025-12-26,0.0,0.0,0.0,0.0,0.0,0.0,1.8352096408110299,1.7694690367436579,-1.037882698814542,0.0,1.542323646037005,0.0,0.0,0.0,9.34015688482691,0.0,0.0,0.0,267.4910038726666,0.0,0.0,-1.4322861175307935,0.0,0.0,0.0,0.0
2025-12-29,0.0,0.0,0.0,0.0,0.0,0.0,0.39690616945117085,-2.3595448886374015,-2.1147660646975623,0.0,0.33829437545028895,0.0,0.0,0.0,-1.862250470442632,0.0,0.0,0.0,-183.6166246318826,0.0,0.0,0.33542776493891324,0.0,0.0,0.0,0.0
2025-12-30,0.0,0.0,0.0,0.0,0.0,0.0,-4.416706684963401,-2.6499999999999773,-3.3844040072331723,0.0,0.9533238547348901,0.0,0.0,0.0,0.29295645216416233,0.0,0.0,0.0,229.9624684739174,0.0,0.0,-19.180371265997792,0.0,0.0,0.0,0.0
2025-12-31,0.0,0.0,0.0,0.0,-0.049999999999954525,0.0,-0.46924177684755364,-2.1847345183717835,0.11504128270041747,0.0,8.036293958054586,0.0,0.0,0.0,28.978958615478817,0.0,0.0,0.0,230.36538311345794,0.0,0.0,-1.654368443283147,0.0,0.0,0.0,0.0
2026-01-01,-0.049999999999954525,0.0,0.0,-0.0500000000001819,-69.71528254403165,0.0,-5.511107776253027,2.1288211255507576,-2.7092208414707386,0.0,-4.650618021487304,0.0,0.0,0.0,0.0,0.0,0.0,0.0,321.83740542173746,0.0,0.0,-10.291951169091362,0.0,0.0,0.0,0.0
2026-01-02,78.49300650920077,0.0,0.0,365.2977327300832,153.10806145369133,0.0,-1.556866454652436,-0.771185214640866,0.7464344689572329,0.0,-11.779327193900514,0.0,0.0,0.0,0.0,0.0,0.0,0.0,0.0,0.0,0.0,-6.345242131939813,0.0,0.0,0.0,0.0
2026-01-05,-41.24521851437612,0.0,0.0,-107.8801492449602,-39.07191916298143,0.0,-1.609221464201255,1.2902623115323308,-2.0847110210970072,0.0,-2.5247936450078043,0.0,0.0,0.0,0.0,0.0,0.0,0.0,0.0,0.0,0.0,21.78144874643249,0.0,0.0,0.0,0.0
2026-01-06,88.47930778011755,0.0,0.0,522.2201545331618,246.59545798450495,0.0,2.133323328759161,5.209159288976892,1.952034735784565,0.0,3.91955885422027,0.0,0.0,0.0,0.0,0.0,0.0,0.0,0.0,0.0,0.0,-50.67684019381272,0.0,0.0,0.0,0.0
2026-01-07,0.0,0.0,0.0,0.0,0.0,0.0,-2.8006187661097215,0.0,1.3220622575848893,0.0,-5.417530001029263,0.0,0.0,0.0,0.0,0.0,0.0,0.0,0.0,0.0,-0.04999999999999716,29.55475786806005,0.0,0.0,0.0,0.0
2026-01-08,0.0,0.0,0.0,0.0,0.0,0.0,5.91800424462798,0.0,-0.21843740888090224,0.0,-4.827381561116965,0.0,0.0,0.0,0.0,0.0,0.0,0.0,0.0,0.0,5.633940772081985,-18.84425544540113,0.0,0.0,0.0,0.0
2026-01-09,0.0,0.0,0.0,0.0,0.0,0.0,-1.8777844474938377,0.0,-2.0070209748844547,0.0,5.827088855249514,0.0,0.0,-0.05000000000001137,0.0,0.0,0.0,0.0,0.0,0.0,2.5513687214065044,-16.47968321034,0.0,0.0,0.0,0.0
2026-01-12,0.0,0.0,0.0,0.0,0.0,0.0,-0.9981737153933352,0.0,-2.836965931283828,0.0,-4.751589794389844,0.0,0.0,-6.231312379214387,0.0,0.0,0.0,0.0,0.0,0.0,-1.8286144391064454,14.556133979375545,0.0,0.0,0.0,0.0
2026-01-13,0.0,0.0,0.0,0.0,0.0,0.0,1.7154091252987769,0.0,10.340677619449252,0.0,9.563382813304088,-0.05000000000000071,0.0,3.894326737252868,0.0,0.0,0.0,0.0,0.0,0.0,-3.296271170072714,27.741412428874128,0.0,0.0,0.0,0.0
2026-01-14,0.0,0.0,0.0,0.0,0.0,0.0,0.16649658890548835,0.0,-1.1566038738195346,0.0,2.8761760409161923,-4.908555914418503,0.0,-35.78829014126495,0.0,0.0,0.0,0.0,0.0,0.0,3.1304407237965393,9.622471750529485,0.0,0.0,0.0,0.0
2026-01-16,0.0,0.0,0.0,0.0,0.0,0.0,4.244311050121979,0.0,-12.00416058509117,0.0,-0.6971762496140457,-0.05000000000000071,0.0,-30.313968657286296,0.0,0.0,0.0,0.0,0.0,0.0,-10.834017032629333,-5.326690878372347,0.0,0.0,0.0,0.0
2026-01-19,0.0,0.0,0.0,0.0,0.0,0.0,-4.2442810363994,-0.04999999999999716,-2.097910220614807,0.0,-2.655352707925914,3.230649922126446,0.0,11.756977762050838,0.0,0.0,0.0,0.0,0.0,0.0,3.801826284690037,-54.32531476705685,0.0,0.0,0.0,0.0
2026-01-20,0.0,-0.05000000000000071,0.0,0.0,0.0,0.0,2.0556589361554813,8.20744945127143,2.8846009338957685,0.0,5.096678232243619,-0.9588800393337351,0.0,-46.202648398161045,0.0,0.0,0.0,0.0,0.0,0.0,-2.886910964980814,64.65819814634892,0.0,0.0,0.0,0.0
2026-01-21,-0.049999999999954525,-6.9961375852344645,-0.0500000000001819,-0.0500000000001819,-0.049999999999954525,-0.05000000000001137,0.13276459009449582,-0.028049926229869016,1.0012555772553355,0.0,1.9118825002573203,-0.12214830724315107,0.0,2.4535764310392096,0.0,0.0,0.0,0.0,0.0,0.0,2.011186489781892,7.895242131939725,0.0,0.0,-0.0500000000001819,0.0
2026-01-22,7.690807934732675,-1.9306661014659312,91.64634472748367,54.90577824783941,36.66653678413559,3.707086089589666,-4.419181749402412,-10.99848296212474,2.0222824319872075,0.0,-3.156824585177361,0.686551848503882,0.0,5.612839258010581,0.0,0.0,0.0,0.0,0.0,0.0,-2.4669703860409413,0.0,0.0,0.0,299.1621424405348,0.0
2026-01-23,2.3754602747987974,-10.74467281116722,-74.55955547491612,-70.5407658107597,-34.88971018721986,-2.762002461868974,2.787246021475596,-4.407076531994221,16.451429256178145,0.0,3.607530001029204,-5.093103697007734,0.0,21.050551566453123,-0.04999999999999716,0.0,0.0,0.0,0.0,0.0,3.6493136550747067,0.0,0.0,0.0,-167.32631240317096,0.0
2026-01-27,-36.89549333618447,10.154838930810229,-274.0002142229314,-68.76664355524099,-43.27085974667807,-12.016097496816428,-2.350738820999993,-4.614886222159328,0.0,0.0,0.015616977998064385,-1.3229967702334022,0.0,-0.09509280328779823,-15.063516365631472,0.0,0.0,0.0,0.0,0.0,-8.064839059161955,0.0,0.0,0.0,-136.17478939214197,0.0
2026-01-28,-3.465993387722847,13.71519461769708,82.27195393956936,32.92148187320072,33.022113986779914,2.7615402541096614,-3.0235431258932977,-7.612989924815281,0.0,0.0,10.777674266984416,-11.583648364655932,0.0,-27.843775170799745,20.967849605116612,0.0,0.0,0.0,0.0,0.0,8.070622955421015,0.0,-0.049999999999954525,0.0,1064.8121471794348,0.0
2026-01-29,-4.75946688707586,3.007979870895497,16.087601535347858,48.119283937559885,1.9675962004407666,-0.0072656543759421766,4.911726542362828,0.6719500737702901,0.0,0.0,0.0,0.0,0.0,-22.100376466425132,-15.439193942719044,0.0,0.0,0.0,0.0,-0.04999999999999982,1.6976398914791844,0.0,-332.2491548300022,0.0,-82.17940007290599,0.0
2026-01-30,0.35652650064685076,-8.924384221295213,-102.88435240422041,-31.102197935641016,-3.7545177863389654,-2.975250225529578,2.5228343186158213,-2.675768029225253,0.0,0.0,0.0,-0.04999999999999982,0.0,-1.068674487601129,-30.292117945164364,0.0,0.0,0.0,0.0,4.596603989038001,4.386453401697338,0.0,-39.440659873147524,0.0,-112.66222573589766,0.0
2026-02-01,9.381663911551186,-13.156515096828343,-56.654980808154505,-45.00895078049871,-68.40504749449155,-1.180449240781968,17.656956495820104,7.738565154210221,0.0,0.0,0.0,7.409153209305798,0.0,24.29054893981629,17.050695165148454,0.0,0.0,0.0,0.0,3.5228344815774904,-9.658220265327145,0.0,-8.52434609543343,0.0,-589.777372550805,0.0
2026-02-02,-8.968933774151765,15.19537246114055,11.27520307069426,-26.961432124880048,11.035192400881442,-0.599640870427379,-0.04501985739943848,3.4150726817978807,0.0,0.0,0.0,-2.0865518485038876,0.0,17.93547977626099,-19.45647281779543,0.0,0.0,0.0,0.0,-1.471018384592071,6.744368624835431,0.0,128.41166975145643,0.0,544.3206463136776,0.0
2026-02-03,-4.468384130535014,26.053585548693903,213.79268945496733,121.21155649567936,69.03307356827054,6.805879031097845,3.7945211461799033,-10.040853391406415,0.0,0.0,0.0,1.6201255840514932,0.0,28.268713887155172,-18.640281319935298,0.0,0.0,0.0,0.0,-0.3568786160172266,-3.095737346241947,0.0,-58.0258229385654,0.0,712.2190400072895,0.0
2026-02-04,-8.955605951049392,0.0,-47.53475854561111,-41.47933368588019,-7.874902588101577,-2.612785555901212,5.885798393198172,-4.850578399490814,0.0,0.0,0.0,-7.25947733422106,0.0,-3.345281036500637,13.626069789155054,0.0,0.0,0.0,0.0,0.23477238124229416,-4.717199167682736,0.0,-26.342614578361463,0.0,0.0,0.0
2026-02-05,-2.1656705238283394,0.0,-52.41697313141776,-31.512531092699646,-4.217066492287358,-1.5965467375983167,-0.2993812338902444,0.4104962074052878,0.0,0.0,0.0,-8.150593950295217,0.0,-2.5765934157145693,26.94461455942053,0.0,0.0,0.0,0.0,-0.22359051461640433,-11.818339107447514,0.0,365.7619785795414,0.0,0.0,0.0
2026-02-06,29.412956917122074,0.0,267.1266357177974,123.03661868108065,48.46720655284662,10.888780632163218,-0.04944126133537452,-1.595423525607373,0.0,0.0,0.0,4.251858152290055,0.0,22.244125370855272,-17.27838788543818,0.0,0.0,0.0,0.0,1.1182255823690639,13.607838962590847,0.0,-68.77006176561736,0.0,0.0,0.0
2026-02-09,13.690210249029406,0.0,98.87652860633352,50.25329690346007,105.65677667950831,4.216135740116101,1.5154691527439015,-1.9309229031085806,0.0,0.0,0.0,3.7890972374745218,0.0,-14.659223427417146,17.343527182204184,0.0,0.0,0.0,0.0,-5.316286065012179,-5.697868673120865,-0.04999999999999716,103.06190487676031,0.0,0.0,0.0
2026-02-10,7.687269862600715,0.0,45.679777737461336,29.670382905380393,3.219855093610022,1.5051990152524581,0.0,1.0391118527425078,0.0,0.0,0.0,-4.664729338472,0.0,3.5396209069378983,42.24377605242091,0.0,0.0,0.0,-0.0500000000001819,-4.8879370622716465,-5.924504306442941,-0.3220407583553424,-67.01031747946035,0.0,0.0,0.0
2026-02-11,6.456801322455249,0.0,18.474390787912853,1.8842963746392343,39.89442279735567,0.637535330371577,0.0,-11.110689007235578,0.0,0.0,0.0,-4.599440019666844,0.0,-1.5849019434383536,-3.9900676258405383,0.0,0.0,0.0,156.91842385735072,0.744002455085166,-6.701521242500974,-10.826690878372574,-7.901080295301654,0.0,0.0,0.0
2026-02-12,3.5390629197095222,0.0,-21.310773899091146,-25.772173061479407,0.44913540749166714,-1.7419512515917859,0.0,0.5370164153764563,0.0,0.0,0.0,-2.0120397081727504,0.0,-0.8675450883254143,-32.97230727971021,0.0,0.0,0.0,-510.5415615797101,-1.8151025806941732,-1.2749618697263827,24.64898870021193,159.6461935322659,0.0,0.0,0.0
2026-02-13,4.396187106059415,0.0,-155.32531018215923,-76.72188965274108,-28.14562227421993,-5.772721378646679,0.0,5.565470961841811,0.0,0.0,0.0,4.024495155350138,0.0,4.961118892727882,6.6214335965887585,0.0,0.0,0.0,-479.9379631287811,4.275502245736959,0.4629365139246602,-11.016014527023344,-38.745113236964244,0.0,0.0,0.0
2026-02-16,-10.947657299273942,0.0,100.12693474772095,74.93043265370034,37.12716148127083,4.023684037465159,0.0,-5.973672591859099,0.0,0.0,0.0,0.09434924172549586,0.0,-19.8350770434663,3.015228555752742,0.0,0.0,0.0,353.27729388033185,-2.8077441763093987,-1.2263305911328644,-3.8128728796154974,128.2776530726453,0.0,0.0,0.0
2026-02-17,-4.477205289821768,0.0,-67.79756315165469,-28.837185498559847,-8.87769118942333,-2.595404513993458,0.0,1.2085872296777893,0.0,0.0,0.0,0.4650178211290097,0.0,1.9460471025356583,-4.326729778182198,0.0,0.0,0.0,127.44044616563042,1.604058027557926,4.640639794908111,20.546535108461512,0.0,0.0,0.0,0.0
2026-02-18,4.839337741518193,0.0,50.347969293046845,40.8143212488003,14.54807599118567,1.9238253589516603,0.0,-5.12596082905543,0.0,0.0,0.0,8.941082646112136,0.0,16.34225617191396,7.716315932968769,0.0,0.0,0.0,288.27729388033185,-3.7308532848661287,-3.996953546553925,-7.934739709280848,0.0,0.0,0.0,0.0
2026-02-19,-10.156155594666416,0.0,-261.9522449298838,-132.1523223064405,-65.87278375549067,-9.656199917370714,0.0,5.9826390810058,0.0,0.0,0.0,-9.179602918272451,0.0,-10.760002626636833,-22.71776034613049,0.0,0.0,0.0,83.42090689420002,1.663769507460529,3.2509111581230172,-1.4468337393423099,0.0,0.0,-0.0500000000001819,0.0
2026-02-20,9.466543031339825,0.0,114.84553244470226,63.45150674736033,35.62576718061018,4.335969142307249,0.0,-6.020805955172079,0.0,0.0,0.0,-1.961751225515684,0.0,18.10754246168858,22.307827971970937,0.0,0.0,0.0,54.9624684739174,-1.3824626027710565,-4.470622955421106,7.603357143495259,0.0,0.0,181.44103326346703,0.0
2026-02-23,9.51148672390741,0.0,222.42826028335912,112.94516168203972,61.2487457598977,9.298716454908629,0.0,-6.788938073487316,-0.04999999999999716,0.0,0.0,0.37463939667864565,0.0,-7.249045700752276,-11.254725451552758,0.0,0.0,0.0,-44.38337536811741,-2.121072339372631,-8.645356043505615,5.450323244130004,0.0,0.0,-356.3477178529138,0.0
2026-02-24,11.50946688707586,0.0,-7.7876015353449475,-0.6192839375589756,-0.4675962004403118,-0.19365876114278535,0.0,-9.904409035329081,-0.6848125601769937,0.0,0.0,-0.23653486352284858,0.0,-3.7354666430760517,0.23889098963809374,0.0,0.0,0.0,-4.389888458594214,1.7389399360534412,-6.2821907479391825,1.2879475373358673,0.0,0.0,-339.9231830857516,0.0
2026-02-25,-7.2745397252012935,0.0,-52.95955547491758,-4.640765810760058,-34.53971018722041,-3.120796061009571,0.0,-6.527104947653584,-8.139949230459962,0.0,0.0,1.8422195917594308,0.0,4.343048504318858,-21.970987301656578,0.0,0.0,0.0,151.40291463954782,-1.4744715857188737,-3.909512726186449,6.458372075038824,0.0,0.0,274.0836311856365,0.0
2026-02-26,9.419531459854852,0.0,-16.10538694954448,-15.186086530740795,5.474567703745379,-1.417445876794659,-0.04999999999999982,-2.56069534742727,-5.668414161141243,0.0,0.0,-2.327617509634962,0.0,13.457555594872886,2.631847441802165,0.0,0.0,0.0,181.69820077453187,-0.01404413443972885,0.7229068033946078,3.291089184743896,0.0,0.0,25.461633190556313,0.0
2026-02-27,-5.919483417768788,0.0,-207.742283313577,-92.63442074544037,-48.46268876650811,-7.361540254109684,1.3117865698079356,5.017187139739065,-1.1531527040384333,0.0,0.0,-1.4245121403311032,0.0,0.0,-13.258398702011277,0.0,0.0,0.0,-505.5986323772231,2.278706988428752,4.670241652684808,12.0785641625082,0.0,0.0,-356.3311360612388,0.0
2026-03-02,-4.26387746671935,0.0,-125.10752476796188,-68.05508705955981,-39.287786178405895,-4.670372096549954,1.1772557225518483,6.684168799264398,5.195238209363026,-0.05000000000001137,0.0,-5.127778735944588,0.0,0.0,13.466708145036023,0.0,0.0,0.0,-276.975494654871,1.5288720881547135,5.401368721406413,-18.47709725729669,0.0,0.0,-165.91924824569105,0.0
2026-03-04,-3.3958162000790253,-0.04999999999999716,-188.71128715194754,-100.83263058934062,-54.53167926760989,-6.9867904796392395,10.153892678993886,11.548669421763293,-0.5398073473979252,-37.84855960854088,0.0,-8.57427461261716,0.0,0.0,-12.583381113950281,0.0,0.0,0.0,-782.5300824155274,6.565091922960232,1.8052500724284073,1.2997013691192478,0.0,0.0,-28.707952975486478,0.0
2026-03-05,1.8150728381256158,7.62968958542092,59.54715701026544,29.060049748320125,9.90730638766081,2.5847238405156645,-1.5747206306676844,-12.946014605481537,-2.3376264544908167,21.393115188461593,0.0,-0.8063719649172185,0.0,0.0,-11.667974040224976,0.0,0.0,0.0,72.66066924844927,0.0,-2.859283944544643,-1.5565234041528129,0.0,0.0,235.69775950059193,0.0
2026-03-06,2.315718565914267,-24.665894267670183,-201.5306971317059,-103.3079761834806,-68.271054570474,-6.199896921813263,4.943343641405459,7.188366014188205,1.0401376090014764,-14.885299107814035,0.0,-1.4822925485717064,0.0,0.0,-15.642867193177722,0.0,0.0,0.0,-314.37189620393474,0.0,-4.668949191825504,13.350538740217644,0.0,0.0,343.2379039460484,0.0
2026-03-09,-11.063231738930426,-31.32601673789941,-386.1853789099314,-186.32311299136018,-113.26614713654135,-13.664749116838038,0.0,21.941624590727542,0.1116916519993083,-5.791296138037978,0.0,2.8298574309675075,0.0,0.0,-7.403673250458382,0.0,0.0,0.0,-874.4990639799216,0.0,2.8338645115347276,9.487582725808078,0.0,0.0,-389.9854088216525,0.0
2026-03-10,2.3606142163957884,18.419523465778184,190.29970097007208,100.90618602737959,47.440045071575696,6.012823799200987,0.0,-12.859563909212511,-5.968075351416587,6.843406871835668,0.0,0.4716782687033856,0.0,0.0,-20.31035976234864,0.0,0.0,0.0,363.15818621159633,0.0,-5.9009111581229945,0.0,0.0,0.0,287.5768633008265,0.0
2026-03-11,-7.6623592314188045,-26.91805869171094,-306.2568195966451,-192.0841373366993,-89.05744644821971,-11.150538694358943,0.0,9.400385599660467,-6.58334963070098,-35.14416418976464,0.0,-2.6572374128884917,0.0,0.0,-15.996148231568668,0.0,0.0,0.0,-292.3278515873717,0.0,14.886830735989463,0.0,0.0,0.0,-716.9009352045869,0.0
2026-03-12,-9.08961256332691,-19.555218065297822,-155.40671248518265,-78.2008155590811,-33.94701657488076,-4.695377922406351,0.0,2.6206194955335604,0.9380478296162948,-5.858020788431759,0.0,4.4576701368741,0.0,0.0,-4.292474981110217,0.0,0.0,0.0,313.43393307515726,0.0,-2.5348558986490275,0.0,0.0,0.0,811.3990742732112,0.0
2026-03-13,-2.023619175603926,-22.257936221481714,-231.9786664247531,-132.92229743228108,-89.61913056166077,-8.335686499334201,0.0,10.548097362464215,-3.1910354028530037,-23.137540304997174,0.0,1.146012197743886,0.0,0.0,-8.867849605116817,0.0,0.0,0.0,-345.9444762192579,0.0,0.6631652955665004,0.0,0.0,0.0,-782.4579577143868,0.0
2026-03-16,-13.556526500646669,22.62003354850731,92.98435240422441,46.602197935641016,35.504517786338965,2.9454427572932786,0.0,0.0,12.898579291942923,22.755531395669436,0.0,0.9492787933572515,0.0,0.0,4.2689369823326615,0.0,0.0,0.0,14.623137722363026,0.0,7.197868673120922,0.0,0.0,0.0,-341.52563656247,0.0
2026-03-17,2.3955413782705364,4.901209732702682,106.85254395980701,52.346136279059465,20.132738683914795,3.6709756257959043,0.0,0.0,7.403624848703913,3.4025328805573736,0.0,-2.6059392409316047,0.0,0.0,-29.860627539307643,0.0,0.0,0.0,381.9314500383007,0.0,-6.02077547651561,0.0,0.0,0.0,343.5648921899174,0.0
2026-03-18,2.333134104765577,7.174828829903845,10.943394626283407,26.78250621854022,6.363413298457999,-0.1777025858128809,0.0,0.0,4.202653037572674,17.50941769209544,0.0,4.691659611426303,0.0,0.0,2.7708628665483275,0.0,0.0,0.0,218.1011154140797,0.0,0.5248856091791936,0.0,0.0,0.0,400.69492645584614,0.0
2026-03-19,26.84678479176273,-51.04777010183875,-197.65549406100945,-110.56940830835993,-54.43586216959284,-6.3137864580195355,0.0,0.0,-2.109559651195326,-30.409156765324838,0.0,-11.064619067105525,0.0,0.0,-13.816012979887546,0.0,0.0,0.0,-499.38492238488834,0.0,2.0319619662974446,0.0,0.0,0.0,-417.6516526929736,0.0
2026-03-20,15.162730137399194,-19.191298654424372,-45.879777737458426,-23.07038290538003,-1.6198550936105676,-1.3903850635274466,0.0,0.0,-4.010755910789555,11.28040729787972,0.0,1.426480563987667,0.0,0.0,-9.696451184649732,0.0,0.0,0.0,188.88089233126448,0.0,-0.46719916768273606,0.0,0.0,0.0,-150.65270810170296,0.0
2026-03-23,16.353908978112486,-53.99726001910925,-295.7700303440797,-159.5191248996207,-89.23061985130425,-10.181167499927199,0.0,0.0,0.2711601896727416,-15.811733133677421,0.0,-10.021712238665458,0.0,0.0,-29.620649172453795,0.0,0.0,0.0,-620.0080601072477,0.0,0.5393433656047932,0.0,0.0,0.0,-479.21298961085995,0.0
2026-03-24,0.0,32.78376339213719,333.16220654619065,163.97022386743993,76.98287874447396,12.044697906560828,0.0,0.0,5.697249697407926,12.420350020049,0.0,-0.46315966883904025,0.0,0.0,-1.845274548447378,0.0,0.0,0.0,630.045591633334,0.0,-7.887440820367544,0.0,0.0,0.0,563.8236923357308,0.0
2026-03-25,0.0,20.158657696161754,56.04796929304757,49.21432124880084,34.64807599118603,1.6025670901827311,0.0,0.0,3.0547978605583523,12.410088034434239,0.0,-0.3627439298343802,0.0,0.0,5.760021633146039,0.0,0.0,0.0,689.6997477913064,0.0,-2.9320382268447247,0.0,0.0,0.0,529.6062217260514,0.0
2026-03-27,0.0,-31.376271779264016,-223.71667410149166,-109.41871712008015,-89.35711156386378,-7.606058595884178,-0.05000000000000071,0.0,-0.8769702053444064,-19.93740984161184,0.0,-12.65963856053068,0.0,0.0,-13.157917230957423,0.0,0.0,0.0,-442.5480746701869,0.0,3.557152617665622,0.0,0.0,0.0,-435.2102398614752,0.0
2026-03-30,0.0,-35.716827134301184,-252.0778541419695,-142.76802593180037,-88.17836095813527,-8.701039145418122,-7.866207973743897,0.0,-3.554967265420686,-17.339054940855135,0.0,-3.8147293384719774,0.0,0.0,-10.248644845824401,0.0,0.0,0.0,-791.089636249897,0.0,-3.033029613959002,0.0,0.0,0.0,-272.72534028980044,0.0
2026-04-01,0.0,23.799446267856638,137.5009193942451,99.98759327809967,70.1011994768644,0.0,2.281028346655475,0.0,2.7893394767930317,9.763130037341625,0.0,1.8861361094993185,0.0,0.0,-42.56604815600963,0.0,0.0,0.0,562.0700969784666,0.0,1.6946736670244036,0.0,0.0,0.0,690.3006389319198,0.0
2026-04-02,0.0,-0.6603556868867599,0.0,0.0,0.0,0.0,-3.431596786396341,0.0,-2.0355177014264996,-7.011907084857853,0.0,1.3196928600658282,0.0,0.0,-0.1953638074335231,0.0,0.0,0.0,-144.57909310579635,0.0,-10.322067937374811,0.0,0.0,0.0,-779.3358764239456,0.0
2026-04-06,0.0,24.789578838992384,0.0,0.0,0.0,0.0,7.35673669868595,0.0,0.02961469479592438,13.454556638764984,0.0,7.024512140331126,0.0,0.0,1.7360021633146516,0.0,0.0,0.0,227.0260523619072,0.0,9.241550953031151,0.0,0.0,0.0,47.82512731249335,0.0
2026-04-07,0.0,-0.590810396401821,0.0,0.0,0.0,0.0,-0.34797423090549273,0.0,2.1253758183645175,-1.107729105057615,0.0,-2.618971653423074,0.0,0.0,7.091512039002168,0.0,0.0,0.0,-147.31482540642173,0.0,-0.2803644632492137,0.0,0.0,0.0,-168.40913806616118,0.0
2026-04-08,0.0,65.16268785346415,0.0,0.0,0.0,0.0,10.948773079350598,0.0,7.5865659264611764,16.89601399679225,0.0,10.248481285310163,0.0,0.0,8.461287528334879,0.0,0.0,0.0,565.7943501149093,0.0,8.738050904745545,0.0,0.0,0.0,179.78303864029658,0.0
2026-04-09,0.0,-26.129667760714028,0.0,0.0,0.0,0.0,0.0,0.0,0.0,-2.469971361084731,0.0,-4.241931109102353,0.0,0.0,0.766405191955073,0.0,0.0,0.0,-401.4599854370608,0.0,0.0,0.0,0.0,0.0,-218.01954451836173,0.0
2026-04-10,0.0,16.462286894269482,0.0,0.0,0.0,0.0,0.0,0.0,0.0,11.382722739461656,0.0,4.600432723985676,0.0,0.0,3.490246143813465,0.0,0.0,0.0,345.28380697080866,0.0,0.0,0.0,0.0,0.0,347.53574674200354,0.0
2026-04-13,0.0,-18.53911240567686,0.0,0.0,0.0,0.0,0.0,0.0,0.0,17.454103735401873,0.0,-0.8852706615280397,0.0,-0.04999999999999716,-10.591690556975323,0.0,0.0,0.0,150.61011154140942,0.0,0.0,0.0,0.0,0.0,-71.89627813724655,0.0
2026-04-15,0.0,20.816870783715103,0.0,0.0,0.0,0.0,0.0,0.0,0.0,9.11524077113927,0.0,3.839529961460215,0.0,21.21661705544716,-8.979653780627132,0.0,0.0,0.0,597.2908777683215,0.0,0.0,0.0,0.0,0.0,315.6523285336716,0.0
2026-04-16,0.0,-12.393251686514077,0.0,0.0,0.0,0.0,0.0,0.0,0.0,-7.190669283494572,0.0,6.947038872024734,0.0,10.837725441627299,-3.4316689238293066,0.0,0.0,0.0,0.0,0.0,0.0,-0.05000000000000071,0.0,0.0,-2.509813906863201,0.0
2026-04-17,0.0,7.655793622148394,0.0,0.0,0.0,0.0,0.0,0.0,0.0,4.570058336674833,0.0,-2.5631766538201077,0.0,-18.316980388687853,13.306562076781915,0.0,0.0,0.0,0.0,0.0,0.0,15.576840193812586,0.0,0.0,-97.85642996445677,0.0
2026-04-20,0.0,-6.964494967724022,0.0,0.0,0.0,0.0,0.0,0.0,0.0,-1.4820089093278739,0.0,0.14418801541594917,0.0,-6.949058833936988,-7.445934537473931,0.0,0.0,0.0,0.0,0.0,0.0,0.9146799831046337,0.0,0.0,-230.15389319238056,0.0
2026-04-21,0.0,18.834040258208915,0.0,0.0,0.0,0.0,0.0,0.0,0.0,7.349913024409659,0.0,3.6600712845162597,0.0,6.607542461688581,-9.317581828157358,0.0,0.0,0.0,0.0,0.0,0.0,37.06078409939255,0.0,0.0,58.798435341290315,0.0
2026-04-22,0.0,-6.5765922947496165,0.0,0.0,0.0,0.0,0.0,0.0,0.0,0.0,0.0,0.0,0.0,1.9618849587627665,-11.869418453386743,0.0,0.0,0.0,0.0,0.0,0.0,-12.742746972792474,0.0,0.0,130.36252200856688,0.0
2026-04-23,0.0,-18.698046967910386,0.0,0.0,0.0,0.0,0.0,0.0,0.0,0.0,0.0,0.0,0.0,-14.941490105878984,52.06513929676612,0.0,0.0,0.0,0.0,0.0,0.0,-58.60606779872933,0.0,0.0,303.2885381390679,0.0
2026-04-24,0.0,-4.827270120015783,0.0,0.0,0.0,0.0,0.0,0.0,0.0,0.0,0.0,0.0,0.0,-24.07738574811924,1.1358236453415884,0.0,0.0,0.0,0.0,0.0,0.0,21.259880547647754,0.0,0.0,-302.08147398159053,0.0
2026-04-27,0.0,25.074763355783034,0.0,0.0,0.0,0.0,0.0,0.0,0.0,0.0,0.0,0.0,0.0,102.4334092109222,17.488801730651744,0.0,0.0,0.0,0.0,0.0,0.0,-5.865177155925267,0.0,0.0,53.46408666727439,0.0
2026-04-28,0.0,-14.707447963459344,0.0,0.0,0.0,0.0,0.0,0.0,0.0,0.0,0.0,0.0,0.0,0.0,-7.9686340292518025,0.0,0.0,0.0,0.0,0.0,0.0,-53.6952251777925,0.0,0.0,251.61125362252733,0.0
2026-04-29,0.0,13.389790230943163,0.0,0.0,0.0,0.0,0.0,0.0,0.0,0.0,0.0,0.0,0.0,0.0,27.26893698233266,0.0,0.0,0.0,0.0,0.0,0.0,-50.49937812498891,0.0,0.0,0.0,0.0
2026-04-30,-0.049999999999954525,-2.4241728293445703,0.0,0.0,0.0,0.0,0.0,0.0,0.0,0.0,0.0,0.0,0.0,0.0,-1.7659237209010143,0.0,0.0,0.0,0.0,-0.05000000000000071,0.0,-0.05000000000001137,0.0,0.0,0.0,0.0
2026-05-04,33.20376485185466,1.2123305436834926,0.0,0.0,0.0,0.0,0.0,-0.05000000000000071,0.0,0.0,0.0,0.0,0.0,0.0,36.638623212678866,0.0,0.0,0.0,0.0,-0.30239313718021776,0.0,-18.100604920864043,0.0,0.0,0.0,0.0
2026-05-05,-6.5473344353795255,-6.142508387126782,0.0,0.0,0.0,0.0,0.0,-1.5221365334087409,0.0,0.0,0.0,0.0,0.0,0.0,0.0,0.0,0.0,0.0,0.0,-1.4757768727161533,-0.05000000000000071,-7.547007668032393,0.0,0.0,0.0,0.0
2026-05-06,9.037915590389503,39.94846975181163,0.0,0.0,0.0,0.0,0.0,-5.9292067252113725,0.0,0.0,0.0,0.0,0.0,0.0,0.0,0.0,0.0,0.0,0.0,4.849009401644281,-3.8938348010046298,-9.300389424776995,0.0,0.0,0.0,0.0
2026-05-07,-5.325735096607104,0.0,0.0,0.0,0.0,0.0,0.0,-1.451523378066895,0.0,0.0,0.0,0.0,0.0,0.0,0.0,0.0,0.0,0.0,0.0,0.8792022876066312,-10.985767056771977,-30.060054476337655,0.0,0.0,0.0,0.0
2026-05-08,-13.273667217689763,0.0,0.0,0.0,0.0,0.0,0.0,1.8744311107966496,0.0,0.0,0.0,0.0,0.0,0.0,0.0,0.0,0.0,0.0,0.0,-0.2747462126980622,-0.7538050904746001,-26.15299233196788,-0.049999999999954525,0.0,0.0,0.0
2026-05-11,-15.58846523400689,0.0,0.0,0.0,0.0,0.0,0.0,10.653830635838403,0.0,0.0,0.0,0.0,0.0,-0.05000000000001137,0.0,0.0,0.0,0.0,0.0,0.41039804735063967,-8.708978902355614,-13.637881356688922,-327.50235125304243,0.0,0.0,0.0
2026-05-12,-2.3834569686600844,0.0,0.0,0.0,0.0,0.0,0.0,12.546766784227543,0.0,0.0,0.0,0.0,0.0,25.667921554750592,0.0,0.0,0.0,0.0,0.0,-1.2754466732642413,-0.04999999999999982,-4.392937855629725,135.0401235312347,0.0,0.0,0.0
2026-05-13,-8.24673674967653,0.0,0.0,0.0,0.0,0.0,0.0,6.548476621932991,0.0,0.0,0.0,0.0,0.0,4.633973910560144,0.0,0.0,0.0,0.0,0.0,-5.836227257155258,1.7039576115690807,7.685966505156102,-176.35806155763748,0.0,0.0,0.0
2026-05-14,6.331986775445785,0.0,0.0,0.0,0.0,0.0,0.0,-5.997910902825595,0.0,0.0,0.0,0.0,0.0,-14.571336018947022,0.0,0.0,0.0,0.0,0.0,1.8262721718940327,1.075190651368132,-17.48880952168338,-196.25826744302685,0.0,0.0,0.0
2026-05-15,-8.973942039498525,0.0,0.0,0.0,0.0,0.0,0.0,5.272342013622449,0.0,0.0,0.0,0.0,0.0,-7.8030248645861775,0.0,0.0,0.0,0.0,0.0,1.1045239228072887,-2.15730513876008,-59.189198946460465,-67.16857731101118,0.0,0.0,0.0
2026-05-18,-6.681341047656588,0.0,0.0,0.0,0.0,0.0,0.0,2.8572629916326946,0.0,0.0,0.0,0.0,0.0,-39.083382944552795,0.0,0.0,0.0,0.0,0.0,-6.047441763093843,7.1687204101837665,32.346020981493666,219.45381407921013,0.0,0.0,0.0
2026-05-19,12.825687054521495,0.0,0.0,0.0,0.0,0.0,0.0,-2.1358786369699487,0.0,0.0,0.0,0.0,0.0,35.70111626609105,0.0,0.0,0.0,0.0,0.0,-7.557907658343225,-0.28280083231726394,13.783512913405957,-0.49628886348546075,0.0,0.0,0.0
2026-05-20,-3.9825364190628534,0.0,0.0,0.0,0.0,0.0,0.0,-4.253631495816421,0.0,0.0,0.0,0.0,0.0,-0.35018823321274795,0.0,0.0,0.0,0.0,0.0,-1.5324070302984012,-5.120851737062765,10.085278449498446,-76.06474160336256,0.0,0.0,0.0
2026-05-21,2.367738402745772,0.0,0.0,0.0,0.0,0.0,0.0,4.404010755285299,0.0,0.0,0.0,0.0,0.0,-9.630182979938809,0.0,0.0,0.0,0.0,0.0,3.7629840704931894,3.1111864897818577,-4.352992331967926,99.37154622022172,0.0,0.0,0.0
2026-05-22,2.911857629888118,0.0,0.0,0.0,0.0,0.0,0.0,-6.241039851045059,0.0,0.0,0.0,0.0,0.0,55.412449658400874,0.0,0.0,0.0,0.0,0.0,-3.6260098203408404,-2.675266911915344,-22.991951169090953,127.55360819381895,0.0,0.0,0.0
2026-05-25,-2.7088211592870266,0.0,0.0,0.0,0.0,0.0,0.0,-7.763176384453857,0.0,0.0,0.0,0.0,0.0,-5.6532130977989254,0.0,0.0,0.0,0.0,0.0,5.067165518422485,3.3575339204018064,14.899311944341889,37.90424747842917,0.0,0.0,0.0
2026-05-26,5.593748321161684,0.0,0.0,0.0,0.0,0.0,0.0,-1.3746239106270082,0.0,0.0,0.0,0.0,0.0,-15.677722814990375,0.0,0.0,0.0,0.0,0.0,-5.708884363580751,-11.770317913231963,25.74494350105897,-31.955834875729124,0.0,0.0,0.0
2026-05-27,-34.41714071704291,0.0,0.0,0.0,0.0,0.0,0.0,-6.447724443187155,0.0,0.0,0.0,-0.05000000000000071,0.0,8.439231307327873,0.0,0.0,0.0,0.0,0.0,-2.0489260429352782,-5.9404872738136305,1.5726210659699973,-1002.942718727043,0.0,0.0,0.0
2026-05-29,-1.6192566380464086,0.0,0.0,0.0,0.0,0.0,0.0,-1.6114602065565578,0.0,0.0,0.0,-1.0498387736904533,0.0,38.96113202591255,0.0,0.0,0.0,0.0,0.0,-3.4598765796285704,2.234017032629197,10.921095639214172,283.047545804262,0.0,0.0,0.0
